가,ga,0.0000
각,gak,0.0000
상일,sangil,0.0000
석열,seokyeol,0.0000
갂,gak,0.0000
갃,gaks,0.0000
간,gan,0.0000
갅,ganj,0.0000
갆,ganh,0.0000
갇,gat,0.0000
갈,gal,0.0000
갉,galk,0.0000
갊,galm,0.0000
갋,galb,0.0000
갌,gals,0.0000
갍,galt,0.0000
갎,galp,0.0000
갏,galh,0.0000
감,gam,0.0000
갑,gap,0.0000
값,gaps,0.0000
갓,gat,0.0000
갔,gat,0.0000
강,gang,0.0000
갖,gat,0.0000
갗,gat,0.0000
갘,gak,0.0000
같,gat,0.0000
갚,gap,0.0000
갛,gat,0.0000
개,gae,0.0000
객,gaek,0.0000
갞,gaek,0.0000
갟,gaeks,0.0000
갠,gaen,0.0000
갡,gaenj,0.0000
갢,gaenh,0.0000
갣,gaet,0.0000
갤,gael,0.0000
갥,gaelk,0.0000
갦,gaelm,0.0000
갧,gaelb,0.0000
갨,gaels,0.0000
갩,gaelt,0.0000
갪,gaelp,0.0000
갫,gaelh,0.0000
갬,gaem,0.0000
갭,gaep,0.0000
갮,gaeps,0.0000
갯,gaet,0.0000
갰,gaet,0.0000
갱,gaeng,0.0000
갲,gaet,0.0000
갳,gaet,0.0000
갴,gaek,0.0000
갵,gaet,0.0000
갶,gaep,0.0000
갷,gaet,0.0000
갸,gya,0.0000
갹,gyak,0.0000
갺,gyak,0.0000
갻,gyaks,0.0000
갼,gyan,0.0000
갽,gyanj,0.0000
갾,gyanh,0.0000
갿,gyat,0.0000
걀,gyal,0.0000
걁,gyalk,0.0000
걂,gyalm,0.0000
걃,gyalb,0.0000
걄,gyals,0.0000
걅,gyalt,0.0000
걆,gyalp,0.0000
걇,gyalh,0.0000
걈,gyam,0.0000
걉,gyap,0.0000
걊,gyaps,0.0000
걋,gyat,0.0000
걌,gyat,0.0000
걍,gyang,0.0000
걎,gyat,0.0000
걏,gyat,0.0000
걐,gyak,0.0000
걑,gyat,0.0000
걒,gyap,0.0000
걓,gyat,0.0000
걔,gyae,0.0000
걕,gyaek,0.0000
걖,gyaek,0.0000
걗,gyaeks,0.0000
걘,gyaen,0.0000
걙,gyaenj,0.0000
걚,gyaenh,0.0000
걛,gyaet,0.0000
걜,gyael,0.0000
걝,gyaelk,0.0000
걞,gyaelm,0.0000
걟,gyaelb,0.0000
걠,gyaels,0.0000
걡,gyaelt,0.0000
걢,gyaelp,0.0000
걣,gyaelh,0.0000
걤,gyaem,0.0000
걥,gyaep,0.0000
걦,gyaeps,0.0000
걧,gyaet,0.0000
걨,gyaet,0.0000
걩,gyaeng,0.0000
걪,gyaet,0.0000
걫,gyaet,0.0000
걬,gyaek,0.0000
걭,gyaet,0.0000
걮,gyaep,0.0000
걯,gyaet,0.0000
거,geo,0.0000
걱,geok,0.0000
걲,geok,0.0000
걳,geoks,0.0000
건,geon,0.0000
걵,geonj,0.0000
걶,geonh,0.0000
걷,geot,0.0000
걸,geol,0.0000
걹,geolk,0.0000
걺,geolm,0.0000
걻,geolb,0.0000
걼,geols,0.0000
걽,geolt,0.0000
걾,geolp,0.0000
걿,geolh,0.0000
검,geom,0.0000
겁,geop,0.0000
겂,geops,0.0000
것,geot,0.0000
겄,geot,0.0000
겅,geong,0.0000
겆,geot,0.0000
겇,geot,0.0000
겈,geok,0.0000
겉,geot,0.0000
겊,geop,0.0000
겋,geot,0.0000
게,ge,0.0000
겍,gek,0.0000
겎,gek,0.0000
겏,geks,0.0000
겐,gen,0.0000
겑,genj,0.0000
겒,genh,0.0000
겓,get,0.0000
겔,gel,0.0000
겕,gelk,0.0000
겖,gelm,0.0000
겗,gelb,0.0000
겘,gels,0.0000
겙,gelt,0.0000
겚,gelp,0.0000
겛,gelh,0.0000
겜,gem,0.0000
겝,gep,0.0000
겞,geps,0.0000
겟,get,0.0000
겠,get,0.0000
겡,geng,0.0000
겢,get,0.0000
겣,get,0.0000
겤,gek,0.0000
겥,get,0.0000
겦,gep,0.0000
겧,get,0.0000
겨,gyeo,0.0000
격,gyeok,0.0000
겪,gyeok,0.0000
겫,gyeoks,0.0000
견,gyeon,0.0000
겭,gyeonj,0.0000
겮,gyeonh,0.0000
겯,gyeot,0.0000
결,gyeol,0.0000
겱,gyeolk,0.0000
겲,gyeolm,0.0000
겳,gyeolb,0.0000
겴,gyeols,0.0000
겵,gyeolt,0.0000
겶,gyeolp,0.0000
겷,gyeolh,0.0000
겸,gyeom,0.0000
겹,gyeop,0.0000
겺,gyeops,0.0000
겻,gyeot,0.0000
겼,gyeot,0.0000
경,gyeong,0.0000
겾,gyeot,0.0000
겿,gyeot,0.0000
곀,gyeok,0.0000
곁,gyeot,0.0000
곂,gyeop,0.0000
곃,gyeot,0.0000
계,gye,-0.3000
곅,gyek,0.0000
곆,gyek,0.0000
곇,gyeks,0.0000
곈,gyen,0.0000
곉,gyenj,0.0000
곊,gyenh,0.0000
곋,gyet,0.0000
곌,gyel,0.0000
곍,gyelk,0.0000
곎,gyelm,0.0000
곏,gyelb,0.0000
곐,gyels,0.0000
곑,gyelt,0.0000
곒,gyelp,0.0000
곓,gyelh,0.0000
곔,gyem,0.0000
곕,gyep,0.0000
곖,gyeps,0.0000
곗,gyet,0.0000
곘,gyet,0.0000
곙,gyeng,0.0000
곚,gyet,0.0000
곛,gyet,0.0000
곜,gyek,0.0000
곝,gyet,0.0000
곞,gyep,0.0000
곟,gyet,0.0000
고,go,0.0000
곡,gok,0.0000
곢,gok,0.0000
곣,goks,0.0000
곤,gon,0.0000
곥,gonj,0.0000
곦,gonh,0.0000
곧,got,0.0000
골,gol,0.0000
곩,golk,0.0000
곪,golm,0.0000
곫,golb,0.0000
곬,gols,0.0000
곭,golt,0.0000
곮,golp,0.0000
곯,golh,0.0000
곰,gom,0.0000
곱,gop,0.0000
곲,gops,0.0000
곳,got,0.0000
곴,got,0.0000
공,gong,0.0000
곶,got,0.0000
곷,got,0.0000
곸,gok,0.0000
곹,got,0.0000
곺,gop,0.0000
곻,got,0.0000
과,gwa,0.0000
곾,gwak,0.0000
곿,gwaks,0.0000
관,gwan,0.0000
괁,gwanj,0.0000
괂,gwanh,0.0000
괃,gwat,0.0000
괄,gwal,0.0000
괅,gwalk,0.0000
괆,gwalm,0.0000
괇,gwalb,0.0000
괈,gwals,0.0000
괉,gwalt,0.0000
괊,gwalp,0.0000
괋,gwalh,0.0000
괌,gwam,0.0000
괍,gwap,0.0000
괎,gwaps,0.0000
괏,gwat,0.0000
괐,gwat,0.0000
광,gwang,0.0000
괒,gwat,0.0000
괓,gwat,0.0000
곽,gwak,0.0000
괕,gwat,0.0000
괖,gwap,0.0000
괗,gwat,0.0000
괘,gwae,0.0000
괙,gwaek,0.0000
괚,gwaek,0.0000
괛,gwaeks,0.0000
괜,gwaen,0.0000
괝,gwaenj,0.0000
괞,gwaenh,0.0000
괟,gwaet,0.0000
괠,gwael,0.0000
괡,gwaelk,0.0000
괢,gwaelm,0.0000
괣,gwaelb,0.0000
괤,gwaels,0.0000
괥,gwaelt,0.0000
괦,gwaelp,0.0000
괧,gwaelh,0.0000
괨,gwaem,0.0000
괩,gwaep,0.0000
괪,gwaeps,0.0000
괫,gwaet,0.0000
괬,gwaet,0.0000
괭,gwaeng,0.0000
괮,gwaet,0.0000
괯,gwaet,0.0000
괰,gwaek,0.0000
괱,gwaet,0.0000
괲,gwaep,0.0000
괳,gwaet,0.0000
괴,goe,0.0000
괵,goek,0.0000
괶,goek,0.0000
괷,goeks,0.0000
괸,goen,0.0000
괹,goenj,0.0000
괺,goenh,0.0000
괻,goet,0.0000
괼,goel,0.0000
괽,goelk,0.0000
괾,goelm,0.0000
괿,goelb,0.0000
굀,goels,0.0000
굁,goelt,0.0000
굂,goelp,0.0000
굃,goelh,0.0000
굄,goem,0.0000
굅,goep,0.0000
굆,goeps,0.0000
굇,goet,0.0000
굈,goet,0.0000
굉,goeng,0.0000
굊,goet,0.0000
굋,goet,0.0000
굌,goek,0.0000
굍,goet,0.0000
굎,goep,0.0000
굏,goet,0.0000
교,gyo,0.0000
굑,gyok,0.0000
굒,gyok,0.0000
굓,gyoks,0.0000
굔,gyon,0.0000
굕,gyonj,0.0000
굖,gyonh,0.0000
굗,gyot,0.0000
굘,gyol,0.0000
굙,gyolk,0.0000
굚,gyolm,0.0000
굛,gyolb,0.0000
굜,gyols,0.0000
굝,gyolt,0.0000
굞,gyolp,0.0000
굟,gyolh,0.0000
굠,gyom,0.0000
굡,gyop,0.0000
굢,gyops,0.0000
굣,gyot,0.0000
굤,gyot,0.0000
굥,gyong,0.0000
굦,gyot,0.0000
굧,gyot,0.0000
굨,gyok,0.0000
굩,gyot,0.0000
굪,gyop,0.0000
굫,gyot,0.0000
구,gu,-1.0000
국,guk,0.0000
굮,guk,0.0000
굯,guks,0.0000
군,gun,0.0000
굱,gunj,0.0000
굲,gunh,0.0000
굳,gut,0.0000
굴,gul,0.0000
굵,gulk,0.0000
굶,gulm,0.0000
굷,gulb,0.0000
굸,guls,0.0000
굹,gult,0.0000
굺,gulp,0.0000
굻,gulh,0.0000
굼,gum,0.0000
굽,gup,0.0000
굾,gups,0.0000
굿,gut,0.0000
궀,gut,0.0000
궁,gung,0.0000
궂,gut,0.0000
궃,gut,0.0000
궄,guk,0.0000
궅,gut,0.0000
궆,gup,0.0000
궇,gut,0.0000
궈,gwo,0.0000
궉,gwok,0.0000
궊,gwok,0.0000
궋,gwoks,0.0000
권,gwon,0.0000
궍,gwonj,0.0000
궎,gwonh,0.0000
궏,gwot,0.0000
궐,gwol,0.0000
궑,gwolk,0.0000
궒,gwolm,0.0000
궓,gwolb,0.0000
궔,gwols,0.0000
궕,gwolt,0.0000
궖,gwolp,0.0000
궗,gwolh,0.0000
궘,gwom,0.0000
궙,gwop,0.0000
궚,gwops,0.0000
궛,gwot,0.0000
궜,gwot,0.0000
궝,gwong,0.0000
궞,gwot,0.0000
궟,gwot,0.0000
궠,gwok,0.0000
궡,gwot,0.0000
궢,gwop,0.0000
궣,gwot,0.0000
궤,gwe,0.0000
궥,gwek,0.0000
궦,gwek,0.0000
궧,gweks,0.0000
궨,gwen,0.0000
궩,gwenj,0.0000
궪,gwenh,0.0000
궫,gwet,0.0000
궬,gwel,0.0000
궭,gwelk,0.0000
궮,gwelm,0.0000
궯,gwelb,0.0000
궰,gwels,0.0000
궱,gwelt,0.0000
궲,gwelp,0.0000
궳,gwelh,0.0000
궴,gwem,0.0000
궵,gwep,0.0000
궶,gweps,0.0000
궷,gwet,0.0000
궸,gwet,0.0000
궹,gweng,0.0000
궺,gwet,0.0000
궻,gwet,0.0000
궼,gwek,0.0000
궽,gwet,0.0000
궾,gwep,0.0000
궿,gwet,0.0000
귀,gwi,0.0000
귁,gwik,0.0000
귂,gwik,0.0000
귃,gwiks,0.0000
귄,gwin,0.0000
귅,gwinj,0.0000
귆,gwinh,0.0000
귇,gwit,0.0000
귈,gwil,0.0000
귉,gwilk,0.0000
귊,gwilm,0.0000
귋,gwilb,0.0000
귌,gwils,0.0000
귍,gwilt,0.0000
귎,gwilp,0.0000
귏,gwilh,0.0000
귐,gwim,0.0000
귑,gwip,0.0000
귒,gwips,0.0000
귓,gwit,0.0000
귔,gwit,0.0000
귕,gwing,0.0000
귖,gwit,0.0000
귗,gwit,0.0000
귘,gwik,0.0000
귙,gwit,0.0000
귚,gwip,0.0000
귛,gwit,0.0000
규,gyu,0.0000
귝,gyuk,0.0000
귞,gyuk,0.0000
귟,gyuks,0.0000
균,gyun,0.0000
귡,gyunj,0.0000
귢,gyunh,0.0000
귣,gyut,0.0000
귤,gyul,0.0000
귥,gyulk,0.0000
귦,gyulm,0.0000
귧,gyulb,0.0000
귨,gyuls,0.0000
귩,gyult,0.0000
귪,gyulp,0.0000
귫,gyulh,0.0000
귬,gyum,0.0000
귭,gyup,0.0000
귮,gyups,0.0000
귯,gyut,0.0000
귰,gyut,0.0000
귱,gyung,0.0000
귲,gyut,0.0000
귳,gyut,0.0000
귴,gyuk,0.0000
귵,gyut,0.0000
귶,gyup,0.0000
귷,gyut,0.0000
그,geu,0.0000
극,geuk,0.0000
귺,geuk,0.0000
귻,geuks,0.0000
근,geun,0.0000
귽,geunj,0.0000
귾,geunh,0.0000
귿,geut,0.0000
글,geul,0.0000
긁,geulk,0.0000
긂,geulm,0.0000
긃,geulb,0.0000
긄,geuls,0.0000
긅,geult,0.0000
긆,geulp,0.0000
긇,geulh,0.0000
금,geum,0.0000
급,geup,0.0000
긊,geups,0.0000
긋,geut,0.0000
긌,geut,0.0000
긍,geung,0.0000
긎,geut,0.0000
긏,geut,0.0000
긐,geuk,0.0000
긑,geut,0.0000
긒,geup,0.0000
긓,geut,0.0000
긔,gui,0.0000
긕,guik,0.0000
긖,guik,0.0000
긗,guiks,0.0000
긘,guin,0.0000
긙,guinj,0.0000
긚,guinh,0.0000
긛,guit,0.0000
긜,guil,0.0000
긝,guilk,0.0000
긞,guilm,0.0000
긟,guilb,0.0000
긠,guils,0.0000
긡,guilt,0.0000
긢,guilp,0.0000
긣,guilh,0.0000
긤,guim,0.0000
긥,guip,0.0000
긦,guips,0.0000
긧,guit,0.0000
긨,guit,0.0000
긩,guing,0.0000
긪,guit,0.0000
긫,guit,0.0000
긬,guik,0.0000
긭,guit,0.0000
긮,guip,0.0000
긯,guit,0.0000
기,gi,0.0000
긱,gik,0.0000
긲,gik,0.0000
긳,giks,0.0000
긴,gin,0.0000
긵,ginj,0.0000
긶,ginh,0.0000
긷,git,0.0000
길,gil,0.0000
긹,gilk,0.0000
긺,gilm,0.0000
긻,gilb,0.0000
긼,gils,0.0000
긽,gilt,0.0000
긾,gilp,0.0000
긿,gilh,0.0000
김,gim,0.0000
깁,gip,0.0000
깂,gips,0.0000
깃,git,0.0000
깄,git,0.0000
깅,ging,0.0000
깆,git,0.0000
깇,git,0.0000
깈,gik,0.0000
깉,git,0.0000
깊,gip,0.0000
깋,git,0.0000
까,kka,0.0000
깍,kkak,0.0000
깎,kkak,0.0000
깏,kkaks,0.0000
깐,kkan,0.0000
깑,kkanj,0.0000
깒,kkanh,0.0000
깓,kkat,0.0000
깔,kkal,0.0000
깕,kkalk,0.0000
깖,kkalm,0.0000
깗,kkalb,0.0000
깘,kkals,0.0000
깙,kkalt,0.0000
깚,kkalp,0.0000
깛,kkalh,0.0000
깜,kkam,0.0000
깝,kkap,0.0000
깞,kkaps,0.0000
깟,kkat,0.0000
깠,kkat,0.0000
깡,kkang,0.0000
깢,kkat,0.0000
깣,kkat,0.0000
깤,kkak,0.0000
깥,kkat,0.0000
깦,kkap,0.0000
깧,kkat,0.0000
깨,kkae,0.0000
깩,kkaek,0.0000
깪,kkaek,0.0000
깫,kkaeks,0.0000
깬,kkaen,0.0000
깭,kkaenj,0.0000
깮,kkaenh,0.0000
깯,kkaet,0.0000
깰,kkael,0.0000
깱,kkaelk,0.0000
깲,kkaelm,0.0000
깳,kkaelb,0.0000
깴,kkaels,0.0000
깵,kkaelt,0.0000
깶,kkaelp,0.0000
깷,kkaelh,0.0000
깸,kkaem,0.0000
깹,kkaep,0.0000
깺,kkaeps,0.0000
깻,kkaet,0.0000
깼,kkaet,0.0000
깽,kkaeng,0.0000
깾,kkaet,0.0000
깿,kkaet,0.0000
꺀,kkaek,0.0000
꺁,kkaet,0.0000
꺂,kkaep,0.0000
꺃,kkaet,0.0000
꺄,kkya,0.0000
꺅,kkyak,0.0000
꺆,kkyak,0.0000
꺇,kkyaks,0.0000
꺈,kkyan,0.0000
꺉,kkyanj,0.0000
꺊,kkyanh,0.0000
꺋,kkyat,0.0000
꺌,kkyal,0.0000
꺍,kkyalk,0.0000
꺎,kkyalm,0.0000
꺏,kkyalb,0.0000
꺐,kkyals,0.0000
꺑,kkyalt,0.0000
꺒,kkyalp,0.0000
꺓,kkyalh,0.0000
꺔,kkyam,0.0000
꺕,kkyap,0.0000
꺖,kkyaps,0.0000
꺗,kkyat,0.0000
꺘,kkyat,0.0000
꺙,kkyang,0.0000
꺚,kkyat,0.0000
꺛,kkyat,0.0000
꺜,kkyak,0.0000
꺝,kkyat,0.0000
꺞,kkyap,0.0000
꺟,kkyat,0.0000
꺠,kkyae,0.0000
꺡,kkyaek,0.0000
꺢,kkyaek,0.0000
꺣,kkyaeks,0.0000
꺤,kkyaen,0.0000
꺥,kkyaenj,0.0000
꺦,kkyaenh,0.0000
꺧,kkyaet,0.0000
꺨,kkyael,0.0000
꺩,kkyaelk,0.0000
꺪,kkyaelm,0.0000
꺫,kkyaelb,0.0000
꺬,kkyaels,0.0000
꺭,kkyaelt,0.0000
꺮,kkyaelp,0.0000
꺯,kkyaelh,0.0000
꺰,kkyaem,0.0000
꺱,kkyaep,0.0000
꺲,kkyaeps,0.0000
꺳,kkyaet,0.0000
꺴,kkyaet,0.0000
꺵,kkyaeng,0.0000
꺶,kkyaet,0.0000
꺷,kkyaet,0.0000
꺸,kkyaek,0.0000
꺹,kkyaet,0.0000
꺺,kkyaep,0.0000
꺻,kkyaet,0.0000
꺼,kkeo,0.0000
꺽,kkeok,0.0000
꺾,kkeok,0.0000
꺿,kkeoks,0.0000
껀,kkeon,0.0000
껁,kkeonj,0.0000
껂,kkeonh,0.0000
껃,kkeot,0.0000
껄,kkeol,0.0000
껅,kkeolk,0.0000
껆,kkeolm,0.0000
껇,kkeolb,0.0000
껈,kkeols,0.0000
껉,kkeolt,0.0000
껊,kkeolp,0.0000
껋,kkeolh,0.0000
껌,kkeom,0.0000
껍,kkeop,0.0000
껎,kkeops,0.0000
껏,kkeot,0.0000
껐,kkeot,0.0000
껑,kkeong,0.0000
껒,kkeot,0.0000
껓,kkeot,0.0000
껔,kkeok,0.0000
껕,kkeot,0.0000
껖,kkeop,0.0000
껗,kkeot,0.0000
께,kke,0.0000
껙,kkek,0.0000
껚,kkek,0.0000
껛,kkeks,0.0000
껜,kken,0.0000
껝,kkenj,0.0000
껞,kkenh,0.0000
껟,kket,0.0000
껠,kkel,0.0000
껡,kkelk,0.0000
껢,kkelm,0.0000
껣,kkelb,0.0000
껤,kkels,0.0000
껥,kkelt,0.0000
껦,kkelp,0.0000
껧,kkelh,0.0000
껨,kkem,0.0000
껩,kkep,0.0000
껪,kkeps,0.0000
껫,kket,0.0000
껬,kket,0.0000
껭,kkeng,0.0000
껮,kket,0.0000
껯,kket,0.0000
껰,kkek,0.0000
껱,kket,0.0000
껲,kkep,0.0000
껳,kket,0.0000
껴,kkyeo,0.0000
껵,kkyeok,0.0000
껶,kkyeok,0.0000
껷,kkyeoks,0.0000
껸,kkyeon,0.0000
껹,kkyeonj,0.0000
껺,kkyeonh,0.0000
껻,kkyeot,0.0000
껼,kkyeol,0.0000
껽,kkyeolk,0.0000
껾,kkyeolm,0.0000
껿,kkyeolb,0.0000
꼀,kkyeols,0.0000
꼁,kkyeolt,0.0000
꼂,kkyeolp,0.0000
꼃,kkyeolh,0.0000
꼄,kkyeom,0.0000
꼅,kkyeop,0.0000
꼆,kkyeops,0.0000
꼇,kkyeot,0.0000
꼈,kkyeot,0.0000
꼉,kkyeong,0.0000
꼊,kkyeot,0.0000
꼋,kkyeot,0.0000
꼌,kkyeok,0.0000
꼍,kkyeot,0.0000
꼎,kkyeop,0.0000
꼏,kkyeot,0.0000
꼐,kkye,0.0000
꼑,kkyek,0.0000
꼒,kkyek,0.0000
꼓,kkyeks,0.0000
꼔,kkyen,0.0000
꼕,kkyenj,0.0000
꼖,kkyenh,0.0000
꼗,kkyet,0.0000
꼘,kkyel,0.0000
꼙,kkyelk,0.0000
꼚,kkyelm,0.0000
꼛,kkyelb,0.0000
꼜,kkyels,0.0000
꼝,kkyelt,0.0000
꼞,kkyelp,0.0000
꼟,kkyelh,0.0000
꼠,kkyem,0.0000
꼡,kkyep,0.0000
꼢,kkyeps,0.0000
꼣,kkyet,0.0000
꼤,kkyet,0.0000
꼥,kkyeng,0.0000
꼦,kkyet,0.0000
꼧,kkyet,0.0000
꼨,kkyek,0.0000
꼩,kkyet,0.0000
꼪,kkyep,0.0000
꼫,kkyet,0.0000
꼬,kko,0.0000
꼭,kkok,0.0000
꼮,kkok,0.0000
꼯,kkoks,0.0000
꼰,kkon,0.0000
꼱,kkonj,0.0000
꼲,kkonh,0.0000
꼳,kkot,0.0000
꼴,kkol,0.0000
꼵,kkolk,0.0000
꼶,kkolm,0.0000
꼷,kkolb,0.0000
꼸,kkols,0.0000
꼹,kkolt,0.0000
꼺,kkolp,0.0000
꼻,kkolh,0.0000
꼼,kkom,0.0000
꼽,kkop,0.0000
꼾,kkops,0.0000
꼿,kkot,0.0000
꽀,kkot,0.0000
꽁,kkong,0.0000
꽂,kkot,0.0000
꽃,kkot,0.0000
꽄,kkok,0.0000
꽅,kkot,0.0000
꽆,kkop,0.0000
꽇,kkot,0.0000
꽈,kkwa,0.0000
꽉,kkwak,0.0000
꽊,kkwak,0.0000
꽋,kkwaks,0.0000
꽌,kkwan,0.0000
꽍,kkwanj,0.0000
꽎,kkwanh,0.0000
꽏,kkwat,0.0000
꽐,kkwal,0.0000
꽑,kkwalk,0.0000
꽒,kkwalm,0.0000
꽓,kkwalb,0.0000
꽔,kkwals,0.0000
꽕,kkwalt,0.0000
꽖,kkwalp,0.0000
꽗,kkwalh,0.0000
꽘,kkwam,0.0000
꽙,kkwap,0.0000
꽚,kkwaps,0.0000
꽛,kkwat,0.0000
꽜,kkwat,0.0000
꽝,kkwang,0.0000
꽞,kkwat,0.0000
꽟,kkwat,0.0000
꽠,kkwak,0.0000
꽡,kkwat,0.0000
꽢,kkwap,0.0000
꽣,kkwat,0.0000
꽤,kkwae,0.0000
꽥,kkwaek,0.0000
꽦,kkwaek,0.0000
꽧,kkwaeks,0.0000
꽨,kkwaen,0.0000
꽩,kkwaenj,0.0000
꽪,kkwaenh,0.0000
꽫,kkwaet,0.0000
꽬,kkwael,0.0000
꽭,kkwaelk,0.0000
꽮,kkwaelm,0.0000
꽯,kkwaelb,0.0000
꽰,kkwaels,0.0000
꽱,kkwaelt,0.0000
꽲,kkwaelp,0.0000
꽳,kkwaelh,0.0000
꽴,kkwaem,0.0000
꽵,kkwaep,0.0000
꽶,kkwaeps,0.0000
꽷,kkwaet,0.0000
꽸,kkwaet,0.0000
꽹,kkwaeng,0.0000
꽺,kkwaet,0.0000
꽻,kkwaet,0.0000
꽼,kkwaek,0.0000
꽽,kkwaet,0.0000
꽾,kkwaep,0.0000
꽿,kkwaet,0.0000
꾀,kkoe,0.0000
꾁,kkoek,0.0000
꾂,kkoek,0.0000
꾃,kkoeks,0.0000
꾄,kkoen,0.0000
꾅,kkoenj,0.0000
꾆,kkoenh,0.0000
꾇,kkoet,0.0000
꾈,kkoel,0.0000
꾉,kkoelk,0.0000
꾊,kkoelm,0.0000
꾋,kkoelb,0.0000
꾌,kkoels,0.0000
꾍,kkoelt,0.0000
꾎,kkoelp,0.0000
꾏,kkoelh,0.0000
꾐,kkoem,0.0000
꾑,kkoep,0.0000
꾒,kkoeps,0.0000
꾓,kkoet,0.0000
꾔,kkoet,0.0000
꾕,kkoeng,0.0000
꾖,kkoet,0.0000
꾗,kkoet,0.0000
꾘,kkoek,0.0000
꾙,kkoet,0.0000
꾚,kkoep,0.0000
꾛,kkoet,0.0000
꾜,kkyo,0.0000
꾝,kkyok,0.0000
꾞,kkyok,0.0000
꾟,kkyoks,0.0000
꾠,kkyon,0.0000
꾡,kkyonj,0.0000
꾢,kkyonh,0.0000
꾣,kkyot,0.0000
꾤,kkyol,0.0000
꾥,kkyolk,0.0000
꾦,kkyolm,0.0000
꾧,kkyolb,0.0000
꾨,kkyols,0.0000
꾩,kkyolt,0.0000
꾪,kkyolp,0.0000
꾫,kkyolh,0.0000
꾬,kkyom,0.0000
꾭,kkyop,0.0000
꾮,kkyops,0.0000
꾯,kkyot,0.0000
꾰,kkyot,0.0000
꾱,kkyong,0.0000
꾲,kkyot,0.0000
꾳,kkyot,0.0000
꾴,kkyok,0.0000
꾵,kkyot,0.0000
꾶,kkyop,0.0000
꾷,kkyot,0.0000
꾸,kku,0.0000
꾹,kkuk,0.0000
꾺,kkuk,0.0000
꾻,kkuks,0.0000
꾼,kkun,0.0000
꾽,kkunj,0.0000
꾾,kkunh,0.0000
꾿,kkut,0.0000
꿀,kkul,0.0000
꿁,kkulk,0.0000
꿂,kkulm,0.0000
꿃,kkulb,0.0000
꿄,kkuls,0.0000
꿅,kkult,0.0000
꿆,kkulp,0.0000
꿇,kkulh,0.0000
꿈,kkum,0.0000
꿉,kkup,0.0000
꿊,kkups,0.0000
꿋,kkut,0.0000
꿌,kkut,0.0000
꿍,kkung,0.0000
꿎,kkut,0.0000
꿏,kkut,0.0000
꿐,kkuk,0.0000
꿑,kkut,0.0000
꿒,kkup,0.0000
꿓,kkut,0.0000
꿔,kkwo,0.0000
꿕,kkwok,0.0000
꿖,kkwok,0.0000
꿗,kkwoks,0.0000
꿘,kkwon,0.0000
꿙,kkwonj,0.0000
꿚,kkwonh,0.0000
꿛,kkwot,0.0000
꿜,kkwol,0.0000
꿝,kkwolk,0.0000
꿞,kkwolm,0.0000
꿟,kkwolb,0.0000
꿠,kkwols,0.0000
꿡,kkwolt,0.0000
꿢,kkwolp,0.0000
꿣,kkwolh,0.0000
꿤,kkwom,0.0000
꿥,kkwop,0.0000
꿦,kkwops,0.0000
꿧,kkwot,0.0000
꿨,kkwot,0.0000
꿩,kkwong,0.0000
꿪,kkwot,0.0000
꿫,kkwot,0.0000
꿬,kkwok,0.0000
꿭,kkwot,0.0000
꿮,kkwop,0.0000
꿯,kkwot,0.0000
꿰,kkwe,0.0000
꿱,kkwek,0.0000
꿲,kkwek,0.0000
꿳,kkweks,0.0000
꿴,kkwen,0.0000
꿵,kkwenj,0.0000
꿶,kkwenh,0.0000
꿷,kkwet,0.0000
꿸,kkwel,0.0000
꿹,kkwelk,0.0000
꿺,kkwelm,0.0000
꿻,kkwelb,0.0000
꿼,kkwels,0.0000
꿽,kkwelt,0.0000
꿾,kkwelp,0.0000
꿿,kkwelh,0.0000
뀀,kkwem,0.0000
뀁,kkwep,0.0000
뀂,kkweps,0.0000
뀃,kkwet,0.0000
뀄,kkwet,0.0000
뀅,kkweng,0.0000
뀆,kkwet,0.0000
뀇,kkwet,0.0000
뀈,kkwek,0.0000
뀉,kkwet,0.0000
뀊,kkwep,0.0000
뀋,kkwet,0.0000
뀌,kkwi,0.0000
뀍,kkwik,0.0000
뀎,kkwik,0.0000
뀏,kkwiks,0.0000
뀐,kkwin,0.0000
뀑,kkwinj,0.0000
뀒,kkwinh,0.0000
뀓,kkwit,0.0000
뀔,kkwil,0.0000
뀕,kkwilk,0.0000
뀖,kkwilm,0.0000
뀗,kkwilb,0.0000
뀘,kkwils,0.0000
뀙,kkwilt,0.0000
뀚,kkwilp,0.0000
뀛,kkwilh,0.0000
뀜,kkwim,0.0000
뀝,kkwip,0.0000
뀞,kkwips,0.0000
뀟,kkwit,0.0000
뀠,kkwit,0.0000
뀡,kkwing,0.0000
뀢,kkwit,0.0000
뀣,kkwit,0.0000
뀤,kkwik,0.0000
뀥,kkwit,0.0000
뀦,kkwip,0.0000
뀧,kkwit,0.0000
뀨,kkyu,0.0000
뀩,kkyuk,0.0000
뀪,kkyuk,0.0000
뀫,kkyuks,0.0000
뀬,kkyun,0.0000
뀭,kkyunj,0.0000
뀮,kkyunh,0.0000
뀯,kkyut,0.0000
뀰,kkyul,0.0000
뀱,kkyulk,0.0000
뀲,kkyulm,0.0000
뀳,kkyulb,0.0000
뀴,kkyuls,0.0000
뀵,kkyult,0.0000
뀶,kkyulp,0.0000
뀷,kkyulh,0.0000
뀸,kkyum,0.0000
뀹,kkyup,0.0000
뀺,kkyups,0.0000
뀻,kkyut,0.0000
뀼,kkyut,0.0000
뀽,kkyung,0.0000
뀾,kkyut,0.0000
뀿,kkyut,0.0000
끀,kkyuk,0.0000
끁,kkyut,0.0000
끂,kkyup,0.0000
끃,kkyut,0.0000
끄,kkeu,0.0000
끅,kkeuk,0.0000
끆,kkeuk,0.0000
끇,kkeuks,0.0000
끈,kkeun,0.0000
끉,kkeunj,0.0000
끊,kkeunh,0.0000
끋,kkeut,0.0000
끌,kkeul,0.0000
끍,kkeulk,0.0000
끎,kkeulm,0.0000
끏,kkeulb,0.0000
끐,kkeuls,0.0000
끑,kkeult,0.0000
끒,kkeulp,0.0000
끓,kkeulh,0.0000
끔,kkeum,0.0000
끕,kkeup,0.0000
끖,kkeups,0.0000
끗,kkeut,0.0000
끘,kkeut,0.0000
끙,kkeung,0.0000
끚,kkeut,0.0000
끛,kkeut,0.0000
끜,kkeuk,0.0000
끝,kkeut,0.0000
끞,kkeup,0.0000
끟,kkeut,0.0000
끠,kkui,0.0000
끡,kkuik,0.0000
끢,kkuik,0.0000
끣,kkuiks,0.0000
끤,kkuin,0.0000
끥,kkuinj,0.0000
끦,kkuinh,0.0000
끧,kkuit,0.0000
끨,kkuil,0.0000
끩,kkuilk,0.0000
끪,kkuilm,0.0000
끫,kkuilb,0.0000
끬,kkuils,0.0000
끭,kkuilt,0.0000
끮,kkuilp,0.0000
끯,kkuilh,0.0000
끰,kkuim,0.0000
끱,kkuip,0.0000
끲,kkuips,0.0000
끳,kkuit,0.0000
끴,kkuit,0.0000
끵,kkuing,0.0000
끶,kkuit,0.0000
끷,kkuit,0.0000
끸,kkuik,0.0000
끹,kkuit,0.0000
끺,kkuip,0.0000
끻,kkuit,0.0000
끼,kki,0.0000
끽,kkik,0.0000
끾,kkik,0.0000
끿,kkiks,0.0000
낀,kkin,0.0000
낁,kkinj,0.0000
낂,kkinh,0.0000
낃,kkit,0.0000
낄,kkil,0.0000
낅,kkilk,0.0000
낆,kkilm,0.0000
낇,kkilb,0.0000
낈,kkils,0.0000
낉,kkilt,0.0000
낊,kkilp,0.0000
낋,kkilh,0.0000
낌,kkim,0.0000
낍,kkip,0.0000
낎,kkips,0.0000
낏,kkit,0.0000
낐,kkit,0.0000
낑,kking,0.0000
낒,kkit,0.0000
낓,kkit,0.0000
낔,kkik,0.0000
낕,kkit,0.0000
낖,kkip,0.0000
낗,kkit,0.0000
나,na,0.0000
낙,nak,0.0000
낚,nak,0.0000
낛,naks,0.0000
난,nan,0.0000
낝,nanj,0.0000
낞,nanh,0.0000
낟,nat,0.0000
날,nal,0.0000
낡,nalk,0.0000
낢,nalm,0.0000
낣,nalb,0.0000
낤,nals,0.0000
낥,nalt,0.0000
낦,nalp,0.0000
낧,nalh,0.0000
남,nam,0.0000
납,nap,0.0000
낪,naps,0.0000
낫,nat,0.0000
났,nat,0.0000
낭,nang,0.0000
낮,nat,0.0000
낯,nat,0.0000
낰,nak,0.0000
낱,nat,0.0000
낲,nap,0.0000
낳,nat,0.0000
내,nae,0.0000
낵,naek,0.0000
낶,naek,0.0000
낷,naeks,0.0000
낸,naen,0.0000
낹,naenj,0.0000
낺,naenh,0.0000
낻,naet,0.0000
낼,nael,0.0000
낽,naelk,0.0000
낾,naelm,0.0000
낿,naelb,0.0000
냀,naels,0.0000
냁,naelt,0.0000
냂,naelp,0.0000
냃,naelh,0.0000
냄,naem,0.0000
냅,naep,0.0000
냆,naeps,0.0000
냇,naet,0.0000
냈,naet,0.0000
냉,naeng,0.0000
냊,naet,0.0000
냋,naet,0.0000
냌,naek,0.0000
냍,naet,0.0000
냎,naep,0.0000
냏,naet,0.0000
냐,nya,0.0000
냑,nyak,0.0000
냒,nyak,0.0000
냓,nyaks,0.0000
냔,nyan,0.0000
냕,nyanj,0.0000
냖,nyanh,0.0000
냗,nyat,0.0000
냘,nyal,0.0000
냙,nyalk,0.0000
냚,nyalm,0.0000
냛,nyalb,0.0000
냜,nyals,0.0000
냝,nyalt,0.0000
냞,nyalp,0.0000
냟,nyalh,0.0000
냠,nyam,0.0000
냡,nyap,0.0000
냢,nyaps,0.0000
냣,nyat,0.0000
냤,nyat,0.0000
냥,nyang,0.0000
냦,nyat,0.0000
냧,nyat,0.0000
냨,nyak,0.0000
냩,nyat,0.0000
냪,nyap,0.0000
냫,nyat,0.0000
냬,nyae,0.0000
냭,nyaek,0.0000
냮,nyaek,0.0000
냯,nyaeks,0.0000
냰,nyaen,0.0000
냱,nyaenj,0.0000
냲,nyaenh,0.0000
냳,nyaet,0.0000
냴,nyael,0.0000
냵,nyaelk,0.0000
냶,nyaelm,0.0000
냷,nyaelb,0.0000
냸,nyaels,0.0000
냹,nyaelt,0.0000
냺,nyaelp,0.0000
냻,nyaelh,0.0000
냼,nyaem,0.0000
냽,nyaep,0.0000
냾,nyaeps,0.0000
냿,nyaet,0.0000
넀,nyaet,0.0000
넁,nyaeng,0.0000
넂,nyaet,0.0000
넃,nyaet,0.0000
넄,nyaek,0.0000
넅,nyaet,0.0000
넆,nyaep,0.0000
넇,nyaet,0.0000
너,neo,0.0000
넉,neok,0.0000
넊,neok,0.0000
넋,neoks,0.0000
넌,neon,0.0000
넍,neonj,0.0000
넎,neonh,0.0000
넏,neot,0.0000
널,neol,0.0000
넑,neolk,0.0000
넒,neolm,0.0000
넓,neolb,0.0000
넔,neols,0.0000
넕,neolt,0.0000
넖,neolp,0.0000
넗,neolh,0.0000
넘,neom,0.0000
넙,neop,0.0000
넚,neops,0.0000
넛,neot,0.0000
넜,neot,0.0000
넝,neong,0.0000
넞,neot,0.0000
넟,neot,0.0000
넠,neok,0.0000
넡,neot,0.0000
넢,neop,0.0000
넣,neot,0.0000
네,ne,0.0000
넥,nek,0.0000
넦,nek,0.0000
넧,neks,0.0000
넨,nen,0.0000
넩,nenj,0.0000
넪,nenh,0.0000
넫,net,0.0000
넬,nel,0.0000
넭,nelk,0.0000
넮,nelm,0.0000
넯,nelb,0.0000
넰,nels,0.0000
넱,nelt,0.0000
넲,nelp,0.0000
넳,nelh,0.0000
넴,nem,0.0000
넵,nep,0.0000
넶,neps,0.0000
넷,net,0.0000
넸,net,0.0000
넹,neng,0.0000
넺,net,0.0000
넻,net,0.0000
넼,nek,0.0000
넽,net,0.0000
넾,nep,0.0000
넿,net,0.0000
녀,nyeo,0.0000
녁,nyeok,0.0000
녂,nyeok,0.0000
녃,nyeoks,0.0000
년,nyeon,0.0000
녅,nyeonj,0.0000
녆,nyeonh,0.0000
녇,nyeot,0.0000
녈,nyeol,0.0000
녉,nyeolk,0.0000
녊,nyeolm,0.0000
녋,nyeolb,0.0000
녌,nyeols,0.0000
녍,nyeolt,0.0000
녎,nyeolp,0.0000
녏,nyeolh,0.0000
념,nyeom,0.0000
녑,nyeop,0.0000
녒,nyeops,0.0000
녓,nyeot,0.0000
녔,nyeot,0.0000
녕,nyeong,0.0000
녖,nyeot,0.0000
녗,nyeot,0.0000
녘,nyeok,0.0000
녙,nyeot,0.0000
녚,nyeop,0.0000
녛,nyeot,0.0000
녜,nye,0.0000
녝,nyek,0.0000
녞,nyek,0.0000
녟,nyeks,0.0000
녠,nyen,0.0000
녡,nyenj,0.0000
녢,nyenh,0.0000
녣,nyet,0.0000
녤,nyel,0.0000
녥,nyelk,0.0000
녦,nyelm,0.0000
녧,nyelb,0.0000
녨,nyels,0.0000
녩,nyelt,0.0000
녪,nyelp,0.0000
녫,nyelh,0.0000
녬,nyem,0.0000
녭,nyep,0.0000
녮,nyeps,0.0000
녯,nyet,0.0000
녰,nyet,0.0000
녱,nyeng,0.0000
녲,nyet,0.0000
녳,nyet,0.0000
녴,nyek,0.0000
녵,nyet,0.0000
녶,nyep,0.0000
녷,nyet,0.0000
노,no,0.0000
녹,nok,0.0000
녺,nok,0.0000
녻,noks,0.0000
논,non,0.0000
녽,nonj,0.0000
녾,nonh,0.0000
녿,not,0.0000
놀,nol,0.0000
놁,nolk,0.0000
놂,nolm,0.0000
놃,nolb,0.0000
놄,nols,0.0000
놅,nolt,0.0000
놆,nolp,0.0000
놇,nolh,0.0000
놈,nom,0.0000
놉,nop,0.0000
놊,nops,0.0000
놋,not,0.0000
놌,not,0.0000
농,nong,0.0000
놎,not,0.0000
놏,not,0.0000
놐,nok,0.0000
놑,not,0.0000
높,nop,0.0000
놓,not,0.0000
놔,nwa,0.0000
놕,nwak,0.0000
놖,nwak,0.0000
놗,nwaks,0.0000
놘,nwan,0.0000
놙,nwanj,0.0000
놚,nwanh,0.0000
놛,nwat,0.0000
놜,nwal,0.0000
놝,nwalk,0.0000
놞,nwalm,0.0000
놟,nwalb,0.0000
놠,nwals,0.0000
놡,nwalt,0.0000
놢,nwalp,0.0000
놣,nwalh,0.0000
놤,nwam,0.0000
놥,nwap,0.0000
놦,nwaps,0.0000
놧,nwat,0.0000
놨,nwat,0.0000
놩,nwang,0.0000
놪,nwat,0.0000
놫,nwat,0.0000
놬,nwak,0.0000
놭,nwat,0.0000
놮,nwap,0.0000
놯,nwat,0.0000
놰,nwae,0.0000
놱,nwaek,0.0000
놲,nwaek,0.0000
놳,nwaeks,0.0000
놴,nwaen,0.0000
놵,nwaenj,0.0000
놶,nwaenh,0.0000
놷,nwaet,0.0000
놸,nwael,0.0000
놹,nwaelk,0.0000
놺,nwaelm,0.0000
놻,nwaelb,0.0000
놼,nwaels,0.0000
놽,nwaelt,0.0000
놾,nwaelp,0.0000
놿,nwaelh,0.0000
뇀,nwaem,0.0000
뇁,nwaep,0.0000
뇂,nwaeps,0.0000
뇃,nwaet,0.0000
뇄,nwaet,0.0000
뇅,nwaeng,0.0000
뇆,nwaet,0.0000
뇇,nwaet,0.0000
뇈,nwaek,0.0000
뇉,nwaet,0.0000
뇊,nwaep,0.0000
뇋,nwaet,0.0000
뇌,noe,0.0000
뇍,noek,0.0000
뇎,noek,0.0000
뇏,noeks,0.0000
뇐,noen,0.0000
뇑,noenj,0.0000
뇒,noenh,0.0000
뇓,noet,0.0000
뇔,noel,0.0000
뇕,noelk,0.0000
뇖,noelm,0.0000
뇗,noelb,0.0000
뇘,noels,0.0000
뇙,noelt,0.0000
뇚,noelp,0.0000
뇛,noelh,0.0000
뇜,noem,0.0000
뇝,noep,0.0000
뇞,noeps,0.0000
뇟,noet,0.0000
뇠,noet,0.0000
뇡,noeng,0.0000
뇢,noet,0.0000
뇣,noet,0.0000
뇤,noek,0.0000
뇥,noet,0.0000
뇦,noep,0.0000
뇧,noet,0.0000
뇨,nyo,0.0000
뇩,nyok,0.0000
뇪,nyok,0.0000
뇫,nyoks,0.0000
뇬,nyon,0.0000
뇭,nyonj,0.0000
뇮,nyonh,0.0000
뇯,nyot,0.0000
뇰,nyol,0.0000
뇱,nyolk,0.0000
뇲,nyolm,0.0000
뇳,nyolb,0.0000
뇴,nyols,0.0000
뇵,nyolt,0.0000
뇶,nyolp,0.0000
뇷,nyolh,0.0000
뇸,nyom,0.0000
뇹,nyop,0.0000
뇺,nyops,0.0000
뇻,nyot,0.0000
뇼,nyot,0.0000
뇽,nyong,0.0000
뇾,nyot,0.0000
뇿,nyot,0.0000
눀,nyok,0.0000
눁,nyot,0.0000
눂,nyop,0.0000
눃,nyot,0.0000
누,nu,0.0000
눅,nuk,0.0000
눆,nuk,0.0000
눇,nuks,0.0000
눈,nun,0.0000
눉,nunj,0.0000
눊,nunh,0.0000
눋,nut,0.0000
눌,nul,0.0000
눍,nulk,0.0000
눎,nulm,0.0000
눏,nulb,0.0000
눐,nuls,0.0000
눑,nult,0.0000
눒,nulp,0.0000
눓,nulh,0.0000
눔,num,0.0000
눕,nup,0.0000
눖,nups,0.0000
눗,nut,0.0000
눘,nut,0.0000
눙,nung,0.0000
눚,nut,0.0000
눛,nut,0.0000
눜,nuk,0.0000
눝,nut,0.0000
눞,nup,0.0000
눟,nut,0.0000
눠,nwo,0.0000
눡,nwok,0.0000
눢,nwok,0.0000
눣,nwoks,0.0000
눤,nwon,0.0000
눥,nwonj,0.0000
눦,nwonh,0.0000
눧,nwot,0.0000
눨,nwol,0.0000
눩,nwolk,0.0000
눪,nwolm,0.0000
눫,nwolb,0.0000
눬,nwols,0.0000
눭,nwolt,0.0000
눮,nwolp,0.0000
눯,nwolh,0.0000
눰,nwom,0.0000
눱,nwop,0.0000
눲,nwops,0.0000
눳,nwot,0.0000
눴,nwot,0.0000
눵,nwong,0.0000
눶,nwot,0.0000
눷,nwot,0.0000
눸,nwok,0.0000
눹,nwot,0.0000
눺,nwop,0.0000
눻,nwot,0.0000
눼,nwe,0.0000
눽,nwek,0.0000
눾,nwek,0.0000
눿,nweks,0.0000
뉀,nwen,0.0000
뉁,nwenj,0.0000
뉂,nwenh,0.0000
뉃,nwet,0.0000
뉄,nwel,0.0000
뉅,nwelk,0.0000
뉆,nwelm,0.0000
뉇,nwelb,0.0000
뉈,nwels,0.0000
뉉,nwelt,0.0000
뉊,nwelp,0.0000
뉋,nwelh,0.0000
뉌,nwem,0.0000
뉍,nwep,0.0000
뉎,nweps,0.0000
뉏,nwet,0.0000
뉐,nwet,0.0000
뉑,nweng,0.0000
뉒,nwet,0.0000
뉓,nwet,0.0000
뉔,nwek,0.0000
뉕,nwet,0.0000
뉖,nwep,0.0000
뉗,nwet,0.0000
뉘,nwi,0.0000
뉙,nwik,0.0000
뉚,nwik,0.0000
뉛,nwiks,0.0000
뉜,nwin,0.0000
뉝,nwinj,0.0000
뉞,nwinh,0.0000
뉟,nwit,0.0000
뉠,nwil,0.0000
뉡,nwilk,0.0000
뉢,nwilm,0.0000
뉣,nwilb,0.0000
뉤,nwils,0.0000
뉥,nwilt,0.0000
뉦,nwilp,0.0000
뉧,nwilh,0.0000
뉨,nwim,0.0000
뉩,nwip,0.0000
뉪,nwips,0.0000
뉫,nwit,0.0000
뉬,nwit,0.0000
뉭,nwing,0.0000
뉮,nwit,0.0000
뉯,nwit,0.0000
뉰,nwik,0.0000
뉱,nwit,0.0000
뉲,nwip,0.0000
뉳,nwit,0.0000
뉴,nyu,0.0000
뉵,nyuk,0.0000
뉶,nyuk,0.0000
뉷,nyuks,0.0000
뉸,nyun,0.0000
뉹,nyunj,0.0000
뉺,nyunh,0.0000
뉻,nyut,0.0000
뉼,nyul,0.0000
뉽,nyulk,0.0000
뉾,nyulm,0.0000
뉿,nyulb,0.0000
늀,nyuls,0.0000
늁,nyult,0.0000
늂,nyulp,0.0000
늃,nyulh,0.0000
늄,nyum,0.0000
늅,nyup,0.0000
늆,nyups,0.0000
늇,nyut,0.0000
늈,nyut,0.0000
늉,nyung,0.0000
늊,nyut,0.0000
늋,nyut,0.0000
늌,nyuk,0.0000
늍,nyut,0.0000
늎,nyup,0.0000
늏,nyut,0.0000
느,neu,0.0000
늑,neuk,0.0000
늒,neuk,0.0000
늓,neuks,0.0000
는,neun,0.0000
늕,neunj,0.0000
늖,neunh,0.0000
늗,neut,0.0000
늘,neul,0.0000
늙,neulk,0.0000
늚,neulm,0.0000
늛,neulb,0.0000
늜,neuls,0.0000
늝,neult,0.0000
늞,neulp,0.0000
늟,neulh,0.0000
늠,neum,0.0000
늡,neup,0.0000
늢,neups,0.0000
늣,neut,0.0000
늤,neut,0.0000
능,neung,0.0000
늦,neut,0.0000
늧,neut,0.0000
늨,neuk,0.0000
늩,neut,0.0000
늪,neup,0.0000
늫,neut,0.0000
늬,nui,0.0000
늭,nuik,0.0000
늮,nuik,0.0000
늯,nuiks,0.0000
늰,nuin,0.0000
늱,nuinj,0.0000
늲,nuinh,0.0000
늳,nuit,0.0000
늴,nuil,0.0000
늵,nuilk,0.0000
늶,nuilm,0.0000
늷,nuilb,0.0000
늸,nuils,0.0000
늹,nuilt,0.0000
늺,nuilp,0.0000
늻,nuilh,0.0000
늼,nuim,0.0000
늽,nuip,0.0000
늾,nuips,0.0000
늿,nuit,0.0000
닀,nuit,0.0000
닁,nuing,0.0000
닂,nuit,0.0000
닃,nuit,0.0000
닄,nuik,0.0000
닅,nuit,0.0000
닆,nuip,0.0000
닇,nuit,0.0000
니,ni,0.0000
닉,nik,0.0000
닊,nik,0.0000
닋,niks,0.0000
닌,nin,0.0000
닍,ninj,0.0000
닎,ninh,0.0000
닏,nit,0.0000
닐,nil,0.0000
닑,nilk,0.0000
닒,nilm,0.0000
닓,nilb,0.0000
닔,nils,0.0000
닕,nilt,0.0000
닖,nilp,0.0000
닗,nilh,0.0000
님,nim,0.0000
닙,nip,0.0000
닚,nips,0.0000
닛,nit,0.0000
닜,nit,0.0000
닝,ning,0.0000
닞,nit,0.0000
닟,nit,0.0000
닠,nik,0.0000
닡,nit,0.0000
닢,nip,0.0000
닣,nit,0.0000
다,da,0.0000
닥,dak,0.0000
닦,dak,0.0000
닧,daks,0.0000
단,dan,0.0000
닩,danj,0.0000
닪,danh,0.0000
닫,dat,0.0000
달,dal,0.0000
닭,dalk,0.0000
닮,dalm,0.0000
닯,dalb,0.0000
닰,dals,0.0000
닱,dalt,0.0000
닲,dalp,0.0000
닳,dalh,0.0000
담,dam,0.0000
답,dap,0.0000
닶,daps,0.0000
닷,dat,0.0000
닸,dat,0.0000
당,dang,0.0000
닺,dat,0.0000
닻,dat,0.0000
닼,dak,0.0000
닽,dat,0.0000
닾,dap,0.0000
닿,dat,0.0000
대,dae,0.0000
댁,daek,0.0000
댂,daek,0.0000
댃,daeks,0.0000
댄,daen,0.0000
댅,daenj,0.0000
댆,daenh,0.0000
댇,daet,0.0000
댈,dael,0.0000
댉,daelk,0.0000
댊,daelm,0.0000
댋,daelb,0.0000
댌,daels,0.0000
댍,daelt,0.0000
댎,daelp,0.0000
댏,daelh,0.0000
댐,daem,0.0000
댑,daep,0.0000
댒,daeps,0.0000
댓,daet,0.0000
댔,daet,0.0000
댕,daeng,0.0000
댖,daet,0.0000
댗,daet,0.0000
댘,daek,0.0000
댙,daet,0.0000
댚,daep,0.0000
댛,daet,0.0000
댜,dya,0.0000
댝,dyak,0.0000
댞,dyak,0.0000
댟,dyaks,0.0000
댠,dyan,0.0000
댡,dyanj,0.0000
댢,dyanh,0.0000
댣,dyat,0.0000
댤,dyal,0.0000
댥,dyalk,0.0000
댦,dyalm,0.0000
댧,dyalb,0.0000
댨,dyals,0.0000
댩,dyalt,0.0000
댪,dyalp,0.0000
댫,dyalh,0.0000
댬,dyam,0.0000
댭,dyap,0.0000
댮,dyaps,0.0000
댯,dyat,0.0000
댰,dyat,0.0000
댱,dyang,0.0000
댲,dyat,0.0000
댳,dyat,0.0000
댴,dyak,0.0000
댵,dyat,0.0000
댶,dyap,0.0000
댷,dyat,0.0000
댸,dyae,0.0000
댹,dyaek,0.0000
댺,dyaek,0.0000
댻,dyaeks,0.0000
댼,dyaen,0.0000
댽,dyaenj,0.0000
댾,dyaenh,0.0000
댿,dyaet,0.0000
덀,dyael,0.0000
덁,dyaelk,0.0000
덂,dyaelm,0.0000
덃,dyaelb,0.0000
덄,dyaels,0.0000
덅,dyaelt,0.0000
덆,dyaelp,0.0000
덇,dyaelh,0.0000
덈,dyaem,0.0000
덉,dyaep,0.0000
덊,dyaeps,0.0000
덋,dyaet,0.0000
덌,dyaet,0.0000
덍,dyaeng,0.0000
덎,dyaet,0.0000
덏,dyaet,0.0000
덐,dyaek,0.0000
덑,dyaet,0.0000
덒,dyaep,0.0000
덓,dyaet,0.0000
더,deo,0.0000
덕,deok,0.0000
덖,deok,0.0000
덗,deoks,0.0000
던,deon,0.0000
덙,deonj,0.0000
덚,deonh,0.0000
덛,deot,0.0000
덜,deol,0.0000
덝,deolk,0.0000
덞,deolm,0.0000
덟,deolb,0.0000
덠,deols,0.0000
덡,deolt,0.0000
덢,deolp,0.0000
덣,deolh,0.0000
덤,deom,0.0000
덥,deop,0.0000
덦,deops,0.0000
덧,deot,0.0000
덨,deot,0.0000
덩,deong,0.0000
덪,deot,0.0000
덫,deot,0.0000
덭,deot,0.0000
덮,deop,0.0000
덯,deot,0.0000
데,de,0.0000
덱,dek,0.0000
덲,dek,0.0000
덳,deks,0.0000
덴,den,0.0000
덵,denj,0.0000
덶,denh,0.0000
덷,det,0.0000
델,del,0.0000
덹,delk,0.0000
덺,delm,0.0000
덻,delb,0.0000
덼,dels,0.0000
덽,delt,0.0000
덾,delp,0.0000
덿,delh,0.0000
뎀,dem,0.0000
뎁,dep,0.0000
뎂,deps,0.0000
뎃,det,0.0000
뎄,det,0.0000
뎅,deng,0.0000
뎆,det,0.0000
뎇,det,0.0000
뎈,dek,0.0000
뎉,det,0.0000
뎊,dep,0.0000
뎋,det,0.0000
뎌,dyeo,0.0000
뎍,dyeok,0.0000
뎎,dyeok,0.0000
뎏,dyeoks,0.0000
뎐,dyeon,0.0000
뎑,dyeonj,0.0000
뎒,dyeonh,0.0000
뎓,dyeot,0.0000
뎔,dyeol,0.0000
뎕,dyeolk,0.0000
뎖,dyeolm,0.0000
뎗,dyeolb,0.0000
뎘,dyeols,0.0000
뎙,dyeolt,0.0000
뎚,dyeolp,0.0000
뎛,dyeolh,0.0000
뎜,dyeom,0.0000
뎝,dyeop,0.0000
뎞,dyeops,0.0000
뎟,dyeot,0.0000
뎠,dyeot,0.0000
뎡,dyeong,0.0000
뎢,dyeot,0.0000
뎣,dyeot,0.0000
뎤,dyeok,0.0000
뎥,dyeot,0.0000
뎦,dyeop,0.0000
뎧,dyeot,0.0000
뎨,dye,0.0000
뎩,dyek,0.0000
뎪,dyek,0.0000
뎫,dyeks,0.0000
뎬,dyen,0.0000
뎭,dyenj,0.0000
뎮,dyenh,0.0000
뎯,dyet,0.0000
뎰,dyel,0.0000
뎱,dyelk,0.0000
뎲,dyelm,0.0000
뎳,dyelb,0.0000
뎴,dyels,0.0000
뎵,dyelt,0.0000
뎶,dyelp,0.0000
뎷,dyelh,0.0000
뎸,dyem,0.0000
뎹,dyep,0.0000
뎺,dyeps,0.0000
뎻,dyet,0.0000
뎼,dyet,0.0000
뎽,dyeng,0.0000
뎾,dyet,0.0000
뎿,dyet,0.0000
돀,dyek,0.0000
돁,dyet,0.0000
돂,dyep,0.0000
돃,dyet,0.0000
도,do,-0.8000
독,dok,0.0000
돆,dok,0.0000
돇,doks,0.0000
돈,don,0.0000
돉,donj,0.0000
돊,donh,0.0000
돋,dot,0.0000
돌,dol,0.0000
돍,dolk,0.0000
돎,dolm,0.0000
돏,dolb,0.0000
돐,dols,0.0000
돑,dolt,0.0000
돒,dolp,0.0000
돓,dolh,0.0000
돔,dom,0.0000
돕,dop,0.0000
돖,dops,0.0000
돗,dot,0.0000
돘,dot,0.0000
동,dong,0.0000
돚,dot,0.0000
돛,dot,0.0000
돝,dot,0.0000
돞,dop,0.0000
돟,dot,0.0000
돠,dwa,0.0000
돡,dwak,0.0000
돢,dwak,0.0000
돣,dwaks,0.0000
돤,dwan,0.0000
돥,dwanj,0.0000
돦,dwanh,0.0000
돧,dwat,0.0000
돨,dwal,0.0000
돩,dwalk,0.0000
돪,dwalm,0.0000
돫,dwalb,0.0000
돬,dwals,0.0000
돭,dwalt,0.0000
돮,dwalp,0.0000
돯,dwalh,0.0000
돰,dwam,0.0000
돱,dwap,0.0000
돲,dwaps,0.0000
돳,dwat,0.0000
돴,dwat,0.0000
돵,dwang,0.0000
돶,dwat,0.0000
돷,dwat,0.0000
돸,dwak,0.0000
돹,dwat,0.0000
돺,dwap,0.0000
돻,dwat,0.0000
돼,dwae,0.0000
돽,dwaek,0.0000
돾,dwaek,0.0000
돿,dwaeks,0.0000
됀,dwaen,0.0000
됁,dwaenj,0.0000
됂,dwaenh,0.0000
됃,dwaet,0.0000
됄,dwael,0.0000
됅,dwaelk,0.0000
됆,dwaelm,0.0000
됇,dwaelb,0.0000
됈,dwaels,0.0000
됉,dwaelt,0.0000
됊,dwaelp,0.0000
됋,dwaelh,0.0000
됌,dwaem,0.0000
됍,dwaep,0.0000
됎,dwaeps,0.0000
됏,dwaet,0.0000
됐,dwaet,0.0000
됑,dwaeng,0.0000
됒,dwaet,0.0000
됓,dwaet,0.0000
됔,dwaek,0.0000
됕,dwaet,0.0000
됖,dwaep,0.0000
됗,dwaet,0.0000
되,doe,0.0000
됙,doek,0.0000
됚,doek,0.0000
됛,doeks,0.0000
된,doen,0.0000
됝,doenj,0.0000
됞,doenh,0.0000
됟,doet,0.0000
될,doel,0.0000
됡,doelk,0.0000
됢,doelm,0.0000
됣,doelb,0.0000
됤,doels,0.0000
됥,doelt,0.0000
됦,doelp,0.0000
됧,doelh,0.0000
됨,doem,0.0000
됩,doep,0.0000
됪,doeps,0.0000
됫,doet,0.0000
됬,doet,0.0000
됭,doeng,0.0000
됮,doet,0.0000
됯,doet,0.0000
됰,doek,0.0000
됱,doet,0.0000
됲,doep,0.0000
됳,doet,0.0000
됴,dyo,0.0000
됵,dyok,0.0000
됶,dyok,0.0000
됷,dyoks,0.0000
됸,dyon,0.0000
됹,dyonj,0.0000
됺,dyonh,0.0000
됻,dyot,0.0000
됼,dyol,0.0000
됽,dyolk,0.0000
됾,dyolm,0.0000
됿,dyolb,0.0000
둀,dyols,0.0000
둁,dyolt,0.0000
둂,dyolp,0.0000
둃,dyolh,0.0000
둄,dyom,0.0000
둅,dyop,0.0000
둆,dyops,0.0000
둇,dyot,0.0000
둈,dyot,0.0000
둉,dyong,0.0000
둊,dyot,0.0000
둋,dyot,0.0000
둌,dyok,0.0000
둍,dyot,0.0000
둎,dyop,0.0000
둏,dyot,0.0000
두,du,0.0000
둑,duk,0.0000
둒,duk,0.0000
둓,duks,0.0000
둔,dun,0.0000
둕,dunj,0.0000
둖,dunh,0.0000
둗,dut,0.0000
둘,dul,0.0000
둙,dulk,0.0000
둚,dulm,0.0000
둛,dulb,0.0000
둜,duls,0.0000
둝,dult,0.0000
둞,dulp,0.0000
둟,dulh,0.0000
둠,dum,0.0000
둡,dup,0.0000
둢,dups,0.0000
둣,dut,0.0000
둤,dut,0.0000
둥,dung,0.0000
둦,dut,0.0000
둧,dut,0.0000
둨,duk,0.0000
둩,dut,0.0000
둪,dup,0.0000
둫,dut,0.0000
둬,dwo,0.0000
둭,dwok,0.0000
둮,dwok,0.0000
둯,dwoks,0.0000
둰,dwon,0.0000
둱,dwonj,0.0000
둲,dwonh,0.0000
둳,dwot,0.0000
둴,dwol,0.0000
둵,dwolk,0.0000
둶,dwolm,0.0000
둷,dwolb,0.0000
둸,dwols,0.0000
둹,dwolt,0.0000
둺,dwolp,0.0000
둻,dwolh,0.0000
둼,dwom,0.0000
둽,dwop,0.0000
둾,dwops,0.0000
둿,dwot,0.0000
뒀,dwot,0.0000
뒁,dwong,0.0000
뒂,dwot,0.0000
뒃,dwot,0.0000
뒄,dwok,0.0000
뒅,dwot,0.0000
뒆,dwop,0.0000
뒇,dwot,0.0000
뒈,dwe,0.0000
뒉,dwek,0.0000
뒊,dwek,0.0000
뒋,dweks,0.0000
뒌,dwen,0.0000
뒍,dwenj,0.0000
뒎,dwenh,0.0000
뒏,dwet,0.0000
뒐,dwel,0.0000
뒑,dwelk,0.0000
뒒,dwelm,0.0000
뒓,dwelb,0.0000
뒔,dwels,0.0000
뒕,dwelt,0.0000
뒖,dwelp,0.0000
뒗,dwelh,0.0000
뒘,dwem,0.0000
뒙,dwep,0.0000
뒚,dweps,0.0000
뒛,dwet,0.0000
뒜,dwet,0.0000
뒝,dweng,0.0000
뒞,dwet,0.0000
뒟,dwet,0.0000
뒠,dwek,0.0000
뒡,dwet,0.0000
뒢,dwep,0.0000
뒣,dwet,0.0000
뒤,dwi,0.0000
뒥,dwik,0.0000
뒦,dwik,0.0000
뒧,dwiks,0.0000
뒨,dwin,0.0000
뒩,dwinj,0.0000
뒪,dwinh,0.0000
뒫,dwit,0.0000
뒬,dwil,0.0000
뒭,dwilk,0.0000
뒮,dwilm,0.0000
뒯,dwilb,0.0000
뒰,dwils,0.0000
뒱,dwilt,0.0000
뒲,dwilp,0.0000
뒳,dwilh,0.0000
뒴,dwim,0.0000
뒵,dwip,0.0000
뒶,dwips,0.0000
뒷,dwit,0.0000
뒸,dwit,0.0000
뒹,dwing,0.0000
뒺,dwit,0.0000
뒻,dwit,0.0000
뒼,dwik,0.0000
뒽,dwit,0.0000
뒾,dwip,0.0000
뒿,dwit,0.0000
듀,dyu,0.0000
듁,dyuk,0.0000
듂,dyuk,0.0000
듃,dyuks,0.0000
듄,dyun,0.0000
듅,dyunj,0.0000
듆,dyunh,0.0000
듇,dyut,0.0000
듈,dyul,0.0000
듉,dyulk,0.0000
듊,dyulm,0.0000
듋,dyulb,0.0000
듌,dyuls,0.0000
듍,dyult,0.0000
듎,dyulp,0.0000
듏,dyulh,0.0000
듐,dyum,0.0000
듑,dyup,0.0000
듒,dyups,0.0000
듓,dyut,0.0000
듔,dyut,0.0000
듕,dyung,0.0000
듖,dyut,0.0000
듗,dyut,0.0000
듘,dyuk,0.0000
듙,dyut,0.0000
듚,dyup,0.0000
듛,dyut,0.0000
드,deu,0.0000
득,deuk,0.0000
듞,deuk,0.0000
듟,deuks,0.0000
든,deun,0.0000
듡,deunj,0.0000
듢,deunh,0.0000
듣,deut,0.0000
들,deul,0.0000
듥,deulk,0.0000
듦,deulm,0.0000
듧,deulb,0.0000
듨,deuls,0.0000
듩,deult,0.0000
듪,deulp,0.0000
듫,deulh,0.0000
듬,deum,0.0000
듭,deup,0.0000
듮,deups,0.0000
듯,deut,0.0000
듰,deut,0.0000
등,deung,0.0000
듲,deut,0.0000
듳,deut,0.0000
듴,deuk,0.0000
듵,deut,0.0000
듶,deup,0.0000
듷,deut,0.0000
듸,dui,0.0000
듹,duik,0.0000
듺,duik,0.0000
듻,duiks,0.0000
듼,duin,0.0000
듽,duinj,0.0000
듾,duinh,0.0000
듿,duit,0.0000
딀,duil,0.0000
딁,duilk,0.0000
딂,duilm,0.0000
딃,duilb,0.0000
딄,duils,0.0000
딅,duilt,0.0000
딆,duilp,0.0000
딇,duilh,0.0000
딈,duim,0.0000
딉,duip,0.0000
딊,duips,0.0000
딋,duit,0.0000
딌,duit,0.0000
딍,duing,0.0000
딎,duit,0.0000
딏,duit,0.0000
딐,duik,0.0000
딑,duit,0.0000
딒,duip,0.0000
딓,duit,0.0000
디,di,0.0000
딕,dik,0.0000
딖,dik,0.0000
딗,diks,0.0000
딘,din,0.0000
딙,dinj,0.0000
딚,dinh,0.0000
딛,dit,0.0000
딜,dil,0.0000
딝,dilk,0.0000
딞,dilm,0.0000
딟,dilb,0.0000
딠,dils,0.0000
딡,dilt,0.0000
딢,dilp,0.0000
딣,dilh,0.0000
딤,dim,0.0000
딥,dip,0.0000
딦,dips,0.0000
딧,dit,0.0000
딨,dit,0.0000
딩,ding,0.0000
딪,dit,0.0000
딫,dit,0.0000
딬,dik,0.0000
딭,dit,0.0000
딮,dip,0.0000
딯,dit,0.0000
따,tta,0.0000
딱,ttak,0.0000
딲,ttak,0.0000
딳,ttaks,0.0000
딴,ttan,0.0000
딵,ttanj,0.0000
딶,ttanh,0.0000
딷,ttat,0.0000
딸,ttal,0.0000
딹,ttalk,0.0000
딺,ttalm,0.0000
딻,ttalb,0.0000
딼,ttals,0.0000
딽,ttalt,0.0000
딾,ttalp,0.0000
딿,ttalh,0.0000
땀,ttam,0.0000
땁,ttap,0.0000
땂,ttaps,0.0000
땃,ttat,0.0000
땄,ttat,0.0000
땅,ttang,0.0000
땆,ttat,0.0000
땇,ttat,0.0000
땈,ttak,0.0000
땉,ttat,0.0000
땊,ttap,0.0000
땋,ttat,0.0000
때,ttae,0.0000
땍,ttaek,0.0000
땎,ttaek,0.0000
땏,ttaeks,0.0000
땐,ttaen,0.0000
땑,ttaenj,0.0000
땒,ttaenh,0.0000
땓,ttaet,0.0000
땔,ttael,0.0000
땕,ttaelk,0.0000
땖,ttaelm,0.0000
땗,ttaelb,0.0000
땘,ttaels,0.0000
땙,ttaelt,0.0000
땚,ttaelp,0.0000
땛,ttaelh,0.0000
땜,ttaem,0.0000
땝,ttaep,0.0000
땞,ttaeps,0.0000
땟,ttaet,0.0000
땠,ttaet,0.0000
땡,ttaeng,0.0000
땢,ttaet,0.0000
땣,ttaet,0.0000
땤,ttaek,0.0000
땥,ttaet,0.0000
땦,ttaep,0.0000
땧,ttaet,0.0000
땨,ttya,0.0000
땩,ttyak,0.0000
땪,ttyak,0.0000
땫,ttyaks,0.0000
땬,ttyan,0.0000
땭,ttyanj,0.0000
땮,ttyanh,0.0000
땯,ttyat,0.0000
땰,ttyal,0.0000
땱,ttyalk,0.0000
땲,ttyalm,0.0000
땳,ttyalb,0.0000
땴,ttyals,0.0000
땵,ttyalt,0.0000
땶,ttyalp,0.0000
땷,ttyalh,0.0000
땸,ttyam,0.0000
땹,ttyap,0.0000
땺,ttyaps,0.0000
땻,ttyat,0.0000
땼,ttyat,0.0000
땽,ttyang,0.0000
땾,ttyat,0.0000
땿,ttyat,0.0000
떀,ttyak,0.0000
떁,ttyat,0.0000
떂,ttyap,0.0000
떃,ttyat,0.0000
떄,ttyae,0.0000
떅,ttyaek,0.0000
떆,ttyaek,0.0000
떇,ttyaeks,0.0000
떈,ttyaen,0.0000
떉,ttyaenj,0.0000
떊,ttyaenh,0.0000
떋,ttyaet,0.0000
떌,ttyael,0.0000
떍,ttyaelk,0.0000
떎,ttyaelm,0.0000
떏,ttyaelb,0.0000
떐,ttyaels,0.0000
떑,ttyaelt,0.0000
떒,ttyaelp,0.0000
떓,ttyaelh,0.0000
떔,ttyaem,0.0000
떕,ttyaep,0.0000
떖,ttyaeps,0.0000
떗,ttyaet,0.0000
떘,ttyaet,0.0000
떙,ttyaeng,0.0000
떚,ttyaet,0.0000
떛,ttyaet,0.0000
떜,ttyaek,0.0000
떝,ttyaet,0.0000
떞,ttyaep,0.0000
떟,ttyaet,0.0000
떠,tteo,0.0000
떡,tteok,0.0000
떢,tteok,0.0000
떣,tteoks,0.0000
떤,tteon,0.0000
떥,tteonj,0.0000
떦,tteonh,0.0000
떧,tteot,0.0000
떨,tteol,0.0000
떩,tteolk,0.0000
떪,tteolm,0.0000
떫,tteolb,0.0000
떬,tteols,0.0000
떭,tteolt,0.0000
떮,tteolp,0.0000
떯,tteolh,0.0000
떰,tteom,0.0000
떱,tteop,0.0000
떲,tteops,0.0000
떳,tteot,0.0000
떴,tteot,0.0000
떵,tteong,0.0000
떶,tteot,0.0000
떷,tteot,0.0000
떸,tteok,0.0000
떹,tteot,0.0000
떺,tteop,0.0000
떻,tteot,0.0000
떼,tte,0.0000
떽,ttek,0.0000
떾,ttek,0.0000
떿,tteks,0.0000
뗀,tten,0.0000
뗁,ttenj,0.0000
뗂,ttenh,0.0000
뗃,ttet,0.0000
뗄,ttel,0.0000
뗅,ttelk,0.0000
뗆,ttelm,0.0000
뗇,ttelb,0.0000
뗈,ttels,0.0000
뗉,ttelt,0.0000
뗊,ttelp,0.0000
뗋,ttelh,0.0000
뗌,ttem,0.0000
뗍,ttep,0.0000
뗎,tteps,0.0000
뗏,ttet,0.0000
뗐,ttet,0.0000
뗑,tteng,0.0000
뗒,ttet,0.0000
뗓,ttet,0.0000
뗔,ttek,0.0000
뗕,ttet,0.0000
뗖,ttep,0.0000
뗗,ttet,0.0000
뗘,ttyeo,0.0000
뗙,ttyeok,0.0000
뗚,ttyeok,0.0000
뗛,ttyeoks,0.0000
뗜,ttyeon,0.0000
뗝,ttyeonj,0.0000
뗞,ttyeonh,0.0000
뗟,ttyeot,0.0000
뗠,ttyeol,0.0000
뗡,ttyeolk,0.0000
뗢,ttyeolm,0.0000
뗣,ttyeolb,0.0000
뗤,ttyeols,0.0000
뗥,ttyeolt,0.0000
뗦,ttyeolp,0.0000
뗧,ttyeolh,0.0000
뗨,ttyeom,0.0000
뗩,ttyeop,0.0000
뗪,ttyeops,0.0000
뗫,ttyeot,0.0000
뗬,ttyeot,0.0000
뗭,ttyeong,0.0000
뗮,ttyeot,0.0000
뗯,ttyeot,0.0000
뗰,ttyeok,0.0000
뗱,ttyeot,0.0000
뗲,ttyeop,0.0000
뗳,ttyeot,0.0000
뗴,ttye,0.0000
뗵,ttyek,0.0000
뗶,ttyek,0.0000
뗷,ttyeks,0.0000
뗸,ttyen,0.0000
뗹,ttyenj,0.0000
뗺,ttyenh,0.0000
뗻,ttyet,0.0000
뗼,ttyel,0.0000
뗽,ttyelk,0.0000
뗾,ttyelm,0.0000
뗿,ttyelb,0.0000
똀,ttyels,0.0000
똁,ttyelt,0.0000
똂,ttyelp,0.0000
똃,ttyelh,0.0000
똄,ttyem,0.0000
똅,ttyep,0.0000
똆,ttyeps,0.0000
똇,ttyet,0.0000
똈,ttyet,0.0000
똉,ttyeng,0.0000
똊,ttyet,0.0000
똋,ttyet,0.0000
똌,ttyek,0.0000
똍,ttyet,0.0000
똎,ttyep,0.0000
똏,ttyet,0.0000
또,tto,0.0000
똑,ttok,0.0000
똒,ttok,0.0000
똓,ttoks,0.0000
똔,tton,0.0000
똕,ttonj,0.0000
똖,ttonh,0.0000
똗,ttot,0.0000
똘,ttol,0.0000
똙,ttolk,0.0000
똚,ttolm,0.0000
똛,ttolb,0.0000
똜,ttols,0.0000
똝,ttolt,0.0000
똞,ttolp,0.0000
똟,ttolh,0.0000
똠,ttom,0.0000
똡,ttop,0.0000
똢,ttops,0.0000
똣,ttot,0.0000
똤,ttot,0.0000
똥,ttong,0.0000
똦,ttot,0.0000
똧,ttot,0.0000
똨,ttok,0.0000
똩,ttot,0.0000
똪,ttop,0.0000
똫,ttot,0.0000
똬,ttwa,0.0000
똭,ttwak,0.0000
똮,ttwak,0.0000
똯,ttwaks,0.0000
똰,ttwan,0.0000
똱,ttwanj,0.0000
똲,ttwanh,0.0000
똳,ttwat,0.0000
똴,ttwal,0.0000
똵,ttwalk,0.0000
똶,ttwalm,0.0000
똷,ttwalb,0.0000
똸,ttwals,0.0000
똹,ttwalt,0.0000
똺,ttwalp,0.0000
똻,ttwalh,0.0000
똼,ttwam,0.0000
똽,ttwap,0.0000
똾,ttwaps,0.0000
똿,ttwat,0.0000
뙀,ttwat,0.0000
뙁,ttwang,0.0000
뙂,ttwat,0.0000
뙃,ttwat,0.0000
뙄,ttwak,0.0000
뙅,ttwat,0.0000
뙆,ttwap,0.0000
뙇,ttwat,0.0000
뙈,ttwae,0.0000
뙉,ttwaek,0.0000
뙊,ttwaek,0.0000
뙋,ttwaeks,0.0000
뙌,ttwaen,0.0000
뙍,ttwaenj,0.0000
뙎,ttwaenh,0.0000
뙏,ttwaet,0.0000
뙐,ttwael,0.0000
뙑,ttwaelk,0.0000
뙒,ttwaelm,0.0000
뙓,ttwaelb,0.0000
뙔,ttwaels,0.0000
뙕,ttwaelt,0.0000
뙖,ttwaelp,0.0000
뙗,ttwaelh,0.0000
뙘,ttwaem,0.0000
뙙,ttwaep,0.0000
뙚,ttwaeps,0.0000
뙛,ttwaet,0.0000
뙜,ttwaet,0.0000
뙝,ttwaeng,0.0000
뙞,ttwaet,0.0000
뙟,ttwaet,0.0000
뙠,ttwaek,0.0000
뙡,ttwaet,0.0000
뙢,ttwaep,0.0000
뙣,ttwaet,0.0000
뙤,ttoe,0.0000
뙥,ttoek,0.0000
뙦,ttoek,0.0000
뙧,ttoeks,0.0000
뙨,ttoen,0.0000
뙩,ttoenj,0.0000
뙪,ttoenh,0.0000
뙫,ttoet,0.0000
뙬,ttoel,0.0000
뙭,ttoelk,0.0000
뙮,ttoelm,0.0000
뙯,ttoelb,0.0000
뙰,ttoels,0.0000
뙱,ttoelt,0.0000
뙲,ttoelp,0.0000
뙳,ttoelh,0.0000
뙴,ttoem,0.0000
뙵,ttoep,0.0000
뙶,ttoeps,0.0000
뙷,ttoet,0.0000
뙸,ttoet,0.0000
뙹,ttoeng,0.0000
뙺,ttoet,0.0000
뙻,ttoet,0.0000
뙼,ttoek,0.0000
뙽,ttoet,0.0000
뙾,ttoep,0.0000
뙿,ttoet,0.0000
뚀,ttyo,0.0000
뚁,ttyok,0.0000
뚂,ttyok,0.0000
뚃,ttyoks,0.0000
뚄,ttyon,0.0000
뚅,ttyonj,0.0000
뚆,ttyonh,0.0000
뚇,ttyot,0.0000
뚈,ttyol,0.0000
뚉,ttyolk,0.0000
뚊,ttyolm,0.0000
뚋,ttyolb,0.0000
뚌,ttyols,0.0000
뚍,ttyolt,0.0000
뚎,ttyolp,0.0000
뚏,ttyolh,0.0000
뚐,ttyom,0.0000
뚑,ttyop,0.0000
뚒,ttyops,0.0000
뚓,ttyot,0.0000
뚔,ttyot,0.0000
뚕,ttyong,0.0000
뚖,ttyot,0.0000
뚗,ttyot,0.0000
뚘,ttyok,0.0000
뚙,ttyot,0.0000
뚚,ttyop,0.0000
뚛,ttyot,0.0000
뚜,ttu,0.0000
뚝,ttuk,0.0000
뚞,ttuk,0.0000
뚟,ttuks,0.0000
뚠,ttun,0.0000
뚡,ttunj,0.0000
뚢,ttunh,0.0000
뚣,ttut,0.0000
뚤,ttul,0.0000
뚥,ttulk,0.0000
뚦,ttulm,0.0000
뚧,ttulb,0.0000
뚨,ttuls,0.0000
뚩,ttult,0.0000
뚪,ttulp,0.0000
뚫,ttulh,0.0000
뚬,ttum,0.0000
뚭,ttup,0.0000
뚮,ttups,0.0000
뚯,ttut,0.0000
뚰,ttut,0.0000
뚱,ttung,0.0000
뚲,ttut,0.0000
뚳,ttut,0.0000
뚴,ttuk,0.0000
뚵,ttut,0.0000
뚶,ttup,0.0000
뚷,ttut,0.0000
뚸,ttwo,0.0000
뚹,ttwok,0.0000
뚺,ttwok,0.0000
뚻,ttwoks,0.0000
뚼,ttwon,0.0000
뚽,ttwonj,0.0000
뚾,ttwonh,0.0000
뚿,ttwot,0.0000
뛀,ttwol,0.0000
뛁,ttwolk,0.0000
뛂,ttwolm,0.0000
뛃,ttwolb,0.0000
뛄,ttwols,0.0000
뛅,ttwolt,0.0000
뛆,ttwolp,0.0000
뛇,ttwolh,0.0000
뛈,ttwom,0.0000
뛉,ttwop,0.0000
뛊,ttwops,0.0000
뛋,ttwot,0.0000
뛌,ttwot,0.0000
뛍,ttwong,0.0000
뛎,ttwot,0.0000
뛏,ttwot,0.0000
뛐,ttwok,0.0000
뛑,ttwot,0.0000
뛒,ttwop,0.0000
뛓,ttwot,0.0000
뛔,ttwe,0.0000
뛕,ttwek,0.0000
뛖,ttwek,0.0000
뛗,ttweks,0.0000
뛘,ttwen,0.0000
뛙,ttwenj,0.0000
뛚,ttwenh,0.0000
뛛,ttwet,0.0000
뛜,ttwel,0.0000
뛝,ttwelk,0.0000
뛞,ttwelm,0.0000
뛟,ttwelb,0.0000
뛠,ttwels,0.0000
뛡,ttwelt,0.0000
뛢,ttwelp,0.0000
뛣,ttwelh,0.0000
뛤,ttwem,0.0000
뛥,ttwep,0.0000
뛦,ttweps,0.0000
뛧,ttwet,0.0000
뛨,ttwet,0.0000
뛩,ttweng,0.0000
뛪,ttwet,0.0000
뛫,ttwet,0.0000
뛬,ttwek,0.0000
뛭,ttwet,0.0000
뛮,ttwep,0.0000
뛯,ttwet,0.0000
뛰,ttwi,0.0000
뛱,ttwik,0.0000
뛲,ttwik,0.0000
뛳,ttwiks,0.0000
뛴,ttwin,0.0000
뛵,ttwinj,0.0000
뛶,ttwinh,0.0000
뛷,ttwit,0.0000
뛸,ttwil,0.0000
뛹,ttwilk,0.0000
뛺,ttwilm,0.0000
뛻,ttwilb,0.0000
뛼,ttwils,0.0000
뛽,ttwilt,0.0000
뛾,ttwilp,0.0000
뛿,ttwilh,0.0000
뜀,ttwim,0.0000
뜁,ttwip,0.0000
뜂,ttwips,0.0000
뜃,ttwit,0.0000
뜄,ttwit,0.0000
뜅,ttwing,0.0000
뜆,ttwit,0.0000
뜇,ttwit,0.0000
뜈,ttwik,0.0000
뜉,ttwit,0.0000
뜊,ttwip,0.0000
뜋,ttwit,0.0000
뜌,ttyu,0.0000
뜍,ttyuk,0.0000
뜎,ttyuk,0.0000
뜏,ttyuks,0.0000
뜐,ttyun,0.0000
뜑,ttyunj,0.0000
뜒,ttyunh,0.0000
뜓,ttyut,0.0000
뜔,ttyul,0.0000
뜕,ttyulk,0.0000
뜖,ttyulm,0.0000
뜗,ttyulb,0.0000
뜘,ttyuls,0.0000
뜙,ttyult,0.0000
뜚,ttyulp,0.0000
뜛,ttyulh,0.0000
뜜,ttyum,0.0000
뜝,ttyup,0.0000
뜞,ttyups,0.0000
뜟,ttyut,0.0000
뜠,ttyut,0.0000
뜡,ttyung,0.0000
뜢,ttyut,0.0000
뜣,ttyut,0.0000
뜤,ttyuk,0.0000
뜥,ttyut,0.0000
뜦,ttyup,0.0000
뜧,ttyut,0.0000
뜨,tteu,0.0000
뜩,tteuk,0.0000
뜪,tteuk,0.0000
뜫,tteuks,0.0000
뜬,tteun,0.0000
뜭,tteunj,0.0000
뜮,tteunh,0.0000
뜯,tteut,0.0000
뜰,tteul,0.0000
뜱,tteulk,0.0000
뜲,tteulm,0.0000
뜳,tteulb,0.0000
뜴,tteuls,0.0000
뜵,tteult,0.0000
뜶,tteulp,0.0000
뜷,tteulh,0.0000
뜸,tteum,0.0000
뜹,tteup,0.0000
뜺,tteups,0.0000
뜻,tteut,0.0000
뜼,tteut,0.0000
뜽,tteung,0.0000
뜾,tteut,0.0000
뜿,tteut,0.0000
띀,tteuk,0.0000
띁,tteut,0.0000
띂,tteup,0.0000
띃,tteut,0.0000
띄,ttui,0.0000
띅,ttuik,0.0000
띆,ttuik,0.0000
띇,ttuiks,0.0000
띈,ttuin,0.0000
띉,ttuinj,0.0000
띊,ttuinh,0.0000
띋,ttuit,0.0000
띌,ttuil,0.0000
띍,ttuilk,0.0000
띎,ttuilm,0.0000
띏,ttuilb,0.0000
띐,ttuils,0.0000
띑,ttuilt,0.0000
띒,ttuilp,0.0000
띓,ttuilh,0.0000
띔,ttuim,0.0000
띕,ttuip,0.0000
띖,ttuips,0.0000
띗,ttuit,0.0000
띘,ttuit,0.0000
띙,ttuing,0.0000
띚,ttuit,0.0000
띛,ttuit,0.0000
띜,ttuik,0.0000
띝,ttuit,0.0000
띞,ttuip,0.0000
띟,ttuit,0.0000
띠,tti,0.0000
띡,ttik,0.0000
띢,ttik,0.0000
띣,ttiks,0.0000
띤,ttin,0.0000
띥,ttinj,0.0000
띦,ttinh,0.0000
띧,ttit,0.0000
띨,ttil,0.0000
띩,ttilk,0.0000
띪,ttilm,0.0000
띫,ttilb,0.0000
띬,ttils,0.0000
띭,ttilt,0.0000
띮,ttilp,0.0000
띯,ttilh,0.0000
띰,ttim,0.0000
띱,ttip,0.0000
띲,ttips,0.0000
띳,ttit,0.0000
띴,ttit,0.0000
띵,tting,0.0000
띶,ttit,0.0000
띷,ttit,0.0000
띸,ttik,0.0000
띹,ttit,0.0000
띺,ttip,0.0000
띻,ttit,0.0000
라,ra,0.0000
락,rak,0.0000
띾,rak,0.0000
띿,raks,0.0000
란,ran,0.0000
랁,ranj,0.0000
랂,ranh,0.0000
랃,rat,0.0000
랄,ral,0.0000
랅,ralk,0.0000
랆,ralm,0.0000
랇,ralb,0.0000
랈,rals,0.0000
랉,ralt,0.0000
랊,ralp,0.0000
랋,ralh,0.0000
람,ram,0.0000
랍,rap,0.0000
랎,raps,0.0000
랏,rat,0.0000
랐,rat,0.0000
랑,rang,0.0000
랒,rat,0.0000
랓,rat,0.0000
랔,rak,0.0000
랕,rat,0.0000
랖,rap,0.0000
랗,rat,0.0000
래,rae,-0.3000
랙,raek,0.0000
랚,raek,0.0000
랛,raeks,0.0000
랜,raen,0.0000
랝,raenj,0.0000
랞,raenh,0.0000
랟,raet,0.0000
랠,rael,0.0000
랡,raelk,0.0000
랢,raelm,0.0000
랣,raelb,0.0000
랤,raels,0.0000
랥,raelt,0.0000
랦,raelp,0.0000
랧,raelh,0.0000
램,raem,0.0000
랩,raep,0.0000
랪,raeps,0.0000
랫,raet,0.0000
랬,raet,0.0000
랭,raeng,0.0000
랮,raet,0.0000
랯,raet,0.0000
랰,raek,0.0000
랱,raet,0.0000
랲,raep,0.0000
랳,raet,0.0000
랴,rya,0.0000
략,ryak,0.0000
랶,ryak,0.0000
랷,ryaks,0.0000
랸,ryan,0.0000
랹,ryanj,0.0000
랺,ryanh,0.0000
랻,ryat,0.0000
랼,ryal,0.0000
랽,ryalk,0.0000
랾,ryalm,0.0000
랿,ryalb,0.0000
럀,ryals,0.0000
럁,ryalt,0.0000
럂,ryalp,0.0000
럃,ryalh,0.0000
럄,ryam,0.0000
럅,ryap,0.0000
럆,ryaps,0.0000
럇,ryat,0.0000
럈,ryat,0.0000
량,ryang,0.0000
럊,ryat,0.0000
럋,ryat,0.0000
럌,ryak,0.0000
럍,ryat,0.0000
럎,ryap,0.0000
럏,ryat,0.0000
럐,ryae,0.0000
럑,ryaek,0.0000
럒,ryaek,0.0000
럓,ryaeks,0.0000
럔,ryaen,0.0000
럕,ryaenj,0.0000
럖,ryaenh,0.0000
럗,ryaet,0.0000
럘,ryael,0.0000
럙,ryaelk,0.0000
럚,ryaelm,0.0000
럛,ryaelb,0.0000
럜,ryaels,0.0000
럝,ryaelt,0.0000
럞,ryaelp,0.0000
럟,ryaelh,0.0000
럠,ryaem,0.0000
럡,ryaep,0.0000
럢,ryaeps,0.0000
럣,ryaet,0.0000
럤,ryaet,0.0000
럥,ryaeng,0.0000
럦,ryaet,0.0000
럧,ryaet,0.0000
럨,ryaek,0.0000
럩,ryaet,0.0000
럪,ryaep,0.0000
럫,ryaet,0.0000
러,reo,0.0000
럭,reok,0.0000
럮,reok,0.0000
럯,reoks,0.0000
런,reon,0.0000
럱,reonj,0.0000
럲,reonh,0.0000
럳,reot,0.0000
럴,reol,0.0000
럵,reolk,0.0000
럶,reolm,0.0000
럷,reolb,0.0000
럸,reols,0.0000
럹,reolt,0.0000
럺,reolp,0.0000
럻,reolh,0.0000
럼,reom,0.0000
럽,reop,0.0000
럾,reops,0.0000
럿,reot,0.0000
렀,reot,0.0000
렁,reong,0.0000
렂,reot,0.0000
렃,reot,0.0000
렄,reok,0.0000
렅,reot,0.0000
렆,reop,0.0000
렇,reot,0.0000
레,re,0.0000
렉,rek,0.0000
렊,rek,0.0000
렋,reks,0.0000
렌,ren,0.0000
렍,renj,0.0000
렎,renh,0.0000
렏,ret,0.0000
렐,rel,0.0000
렑,relk,0.0000
렒,relm,0.0000
렓,relb,0.0000
렔,rels,0.0000
렕,relt,0.0000
렖,relp,0.0000
렗,relh,0.0000
렘,rem,0.0000
렙,rep,0.0000
렚,reps,0.0000
렛,ret,0.0000
렜,ret,0.0000
렝,reng,0.0000
렞,ret,0.0000
렟,ret,0.0000
렠,rek,0.0000
렡,ret,0.0000
렢,rep,0.0000
렣,ret,0.0000
려,ryeo,0.0000
력,ryeok,0.0000
렦,ryeok,0.0000
렧,ryeoks,0.0000
련,ryeon,0.0000
렩,ryeonj,0.0000
렪,ryeonh,0.0000
렫,ryeot,0.0000
렬,ryeol,0.0000
렭,ryeolk,0.0000
렮,ryeolm,0.0000
렯,ryeolb,0.0000
렰,ryeols,0.0000
렱,ryeolt,0.0000
렲,ryeolp,0.0000
렳,ryeolh,0.0000
렴,ryeom,0.0000
렵,ryeop,0.0000
렶,ryeops,0.0000
렷,ryeot,0.0000
렸,ryeot,0.0000
령,ryeong,0.0000
렺,ryeot,0.0000
렻,ryeot,0.0000
렼,ryeok,0.0000
렽,ryeot,0.0000
렾,ryeop,0.0000
렿,ryeot,0.0000
례,rye,0.0000
롁,ryek,0.0000
롂,ryek,0.0000
롃,ryeks,0.0000
롄,ryen,0.0000
롅,ryenj,0.0000
롆,ryenh,0.0000
롇,ryet,0.0000
롈,ryel,0.0000
롉,ryelk,0.0000
롊,ryelm,0.0000
롋,ryelb,0.0000
롌,ryels,0.0000
롍,ryelt,0.0000
롎,ryelp,0.0000
롏,ryelh,0.0000
롐,ryem,0.0000
롑,ryep,0.0000
롒,ryeps,0.0000
롓,ryet,0.0000
롔,ryet,0.0000
롕,ryeng,0.0000
롖,ryet,0.0000
롗,ryet,0.0000
롘,ryek,0.0000
롙,ryet,0.0000
롚,ryep,0.0000
롛,ryet,0.0000
로,ro,0.0000
록,rok,0.0000
롞,rok,0.0000
롟,roks,0.0000
론,ron,0.0000
롡,ronj,0.0000
롢,ronh,0.0000
롣,rot,0.0000
롤,rol,0.0000
롥,rolk,0.0000
롦,rolm,0.0000
롧,rolb,0.0000
롨,rols,0.0000
롩,rolt,0.0000
롪,rolp,0.0000
롫,rolh,0.0000
롬,rom,0.0000
롭,rop,0.0000
롮,rops,0.0000
롯,rot,0.0000
롰,rot,0.0000
롱,rong,0.0000
롲,rot,0.0000
롳,rot,0.0000
롴,rok,0.0000
롵,rot,0.0000
롶,rop,0.0000
롷,rot,0.0000
롸,rwa,0.0000
롹,rwak,0.0000
롺,rwak,0.0000
롻,rwaks,0.0000
롼,rwan,0.0000
롽,rwanj,0.0000
롾,rwanh,0.0000
롿,rwat,0.0000
뢀,rwal,0.0000
뢁,rwalk,0.0000
뢂,rwalm,0.0000
뢃,rwalb,0.0000
뢄,rwals,0.0000
뢅,rwalt,0.0000
뢆,rwalp,0.0000
뢇,rwalh,0.0000
뢈,rwam,0.0000
뢉,rwap,0.0000
뢊,rwaps,0.0000
뢋,rwat,0.0000
뢌,rwat,0.0000
뢍,rwang,0.0000
뢎,rwat,0.0000
뢏,rwat,0.0000
뢐,rwak,0.0000
뢑,rwat,0.0000
뢒,rwap,0.0000
뢓,rwat,0.0000
뢔,rwae,0.0000
뢕,rwaek,0.0000
뢖,rwaek,0.0000
뢗,rwaeks,0.0000
뢘,rwaen,0.0000
뢙,rwaenj,0.0000
뢚,rwaenh,0.0000
뢛,rwaet,0.0000
뢜,rwael,0.0000
뢝,rwaelk,0.0000
뢞,rwaelm,0.0000
뢟,rwaelb,0.0000
뢠,rwaels,0.0000
뢡,rwaelt,0.0000
뢢,rwaelp,0.0000
뢣,rwaelh,0.0000
뢤,rwaem,0.0000
뢥,rwaep,0.0000
뢦,rwaeps,0.0000
뢧,rwaet,0.0000
뢨,rwaet,0.0000
뢩,rwaeng,0.0000
뢪,rwaet,0.0000
뢫,rwaet,0.0000
뢬,rwaek,0.0000
뢭,rwaet,0.0000
뢮,rwaep,0.0000
뢯,rwaet,0.0000
뢰,roe,0.0000
뢱,roek,0.0000
뢲,roek,0.0000
뢳,roeks,0.0000
뢴,roen,0.0000
뢵,roenj,0.0000
뢶,roenh,0.0000
뢷,roet,0.0000
뢸,roel,0.0000
뢹,roelk,0.0000
뢺,roelm,0.0000
뢻,roelb,0.0000
뢼,roels,0.0000
뢽,roelt,0.0000
뢾,roelp,0.0000
뢿,roelh,0.0000
룀,roem,0.0000
룁,roep,0.0000
룂,roeps,0.0000
룃,roet,0.0000
룄,roet,0.0000
룅,roeng,0.0000
룆,roet,0.0000
룇,roet,0.0000
룈,roek,0.0000
룉,roet,0.0000
룊,roep,0.0000
룋,roet,0.0000
료,ryo,0.0000
룍,ryok,0.0000
룎,ryok,0.0000
룏,ryoks,0.0000
룐,ryon,0.0000
룑,ryonj,0.0000
룒,ryonh,0.0000
룓,ryot,0.0000
룔,ryol,0.0000
룕,ryolk,0.0000
룖,ryolm,0.0000
룗,ryolb,0.0000
룘,ryols,0.0000
룙,ryolt,0.0000
룚,ryolp,0.0000
룛,ryolh,0.0000
룜,ryom,0.0000
룝,ryop,0.0000
룞,ryops,0.0000
룟,ryot,0.0000
룠,ryot,0.0000
룡,ryong,0.0000
룢,ryot,0.0000
룣,ryot,0.0000
룤,ryok,0.0000
룥,ryot,0.0000
룦,ryop,0.0000
룧,ryot,0.0000
루,ru,0.0000
룩,ruk,0.0000
룪,ruk,0.0000
룫,ruks,0.0000
룬,run,0.0000
룭,runj,0.0000
룮,runh,0.0000
룯,rut,0.0000
룰,rul,0.0000
룱,rulk,0.0000
룲,rulm,0.0000
룳,rulb,0.0000
룴,ruls,0.0000
룵,rult,0.0000
룶,rulp,0.0000
룷,rulh,0.0000
룸,rum,0.0000
룹,rup,0.0000
룺,rups,0.0000
룻,rut,0.0000
룼,rut,0.0000
룽,rung,0.0000
룾,rut,0.0000
룿,rut,0.0000
뤀,ruk,0.0000
뤁,rut,0.0000
뤂,rup,0.0000
뤃,rut,0.0000
뤄,rwo,0.0000
뤅,rwok,0.0000
뤆,rwok,0.0000
뤇,rwoks,0.0000
뤈,rwon,0.0000
뤉,rwonj,0.0000
뤊,rwonh,0.0000
뤋,rwot,0.0000
뤌,rwol,0.0000
뤍,rwolk,0.0000
뤎,rwolm,0.0000
뤏,rwolb,0.0000
뤐,rwols,0.0000
뤑,rwolt,0.0000
뤒,rwolp,0.0000
뤓,rwolh,0.0000
뤔,rwom,0.0000
뤕,rwop,0.0000
뤖,rwops,0.0000
뤗,rwot,0.0000
뤘,rwot,0.0000
뤙,rwong,0.0000
뤚,rwot,0.0000
뤛,rwot,0.0000
뤜,rwok,0.0000
뤝,rwot,0.0000
뤞,rwop,0.0000
뤟,rwot,0.0000
뤠,rwe,0.0000
뤡,rwek,0.0000
뤢,rwek,0.0000
뤣,rweks,0.0000
뤤,rwen,0.0000
뤥,rwenj,0.0000
뤦,rwenh,0.0000
뤧,rwet,0.0000
뤨,rwel,0.0000
뤩,rwelk,0.0000
뤪,rwelm,0.0000
뤫,rwelb,0.0000
뤬,rwels,0.0000
뤭,rwelt,0.0000
뤮,rwelp,0.0000
뤯,rwelh,0.0000
뤰,rwem,0.0000
뤱,rwep,0.0000
뤲,rweps,0.0000
뤳,rwet,0.0000
뤴,rwet,0.0000
뤵,rweng,0.0000
뤶,rwet,0.0000
뤷,rwet,0.0000
뤸,rwek,0.0000
뤹,rwet,0.0000
뤺,rwep,0.0000
뤻,rwet,0.0000
뤼,rwi,0.0000
뤽,rwik,0.0000
뤾,rwik,0.0000
뤿,rwiks,0.0000
륀,rwin,0.0000
륁,rwinj,0.0000
륂,rwinh,0.0000
륃,rwit,0.0000
륄,rwil,0.0000
륅,rwilk,0.0000
륆,rwilm,0.0000
륇,rwilb,0.0000
륈,rwils,0.0000
륉,rwilt,0.0000
륊,rwilp,0.0000
륋,rwilh,0.0000
륌,rwim,0.0000
륍,rwip,0.0000
륎,rwips,0.0000
륏,rwit,0.0000
륐,rwit,0.0000
륑,rwing,0.0000
륒,rwit,0.0000
륓,rwit,0.0000
륔,rwik,0.0000
륕,rwit,0.0000
륖,rwip,0.0000
륗,rwit,0.0000
류,ryu,-0.6000
륙,ryuk,0.0000
륚,ryuk,0.0000
륛,ryuks,0.0000
륜,ryun,0.0000
륝,ryunj,0.0000
륞,ryunh,0.0000
륟,ryut,0.0000
률,ryul,0.0000
륡,ryulk,0.0000
륢,ryulm,0.0000
륣,ryulb,0.0000
륤,ryuls,0.0000
륥,ryult,0.0000
륦,ryulp,0.0000
륧,ryulh,0.0000
륨,ryum,0.0000
륩,ryup,0.0000
륪,ryups,0.0000
륫,ryut,0.0000
륬,ryut,0.0000
륭,ryung,0.0000
륮,ryut,0.0000
륯,ryut,0.0000
륰,ryuk,0.0000
륱,ryut,0.0000
륲,ryup,0.0000
륳,ryut,0.0000
르,reu,0.0000
륵,reuk,0.0000
륶,reuk,0.0000
륷,reuks,0.0000
른,reun,0.0000
륹,reunj,0.0000
륺,reunh,0.0000
륻,reut,0.0000
를,reul,0.0000
륽,reulk,0.0000
륾,reulm,0.0000
륿,reulb,0.0000
릀,reuls,0.0000
릁,reult,0.0000
릂,reulp,0.0000
릃,reulh,0.0000
름,reum,0.0000
릅,reup,0.0000
릆,reups,0.0000
릇,reut,0.0000
릈,reut,0.0000
릉,reung,0.0000
릊,reut,0.0000
릋,reut,0.0000
릌,reuk,0.0000
릍,reut,0.0000
릎,reup,0.0000
릏,reut,0.0000
릐,rui,0.0000
릑,ruik,0.0000
릒,ruik,0.0000
릓,ruiks,0.0000
릔,ruin,0.0000
릕,ruinj,0.0000
릖,ruinh,0.0000
릗,ruit,0.0000
릘,ruil,0.0000
릙,ruilk,0.0000
릚,ruilm,0.0000
릛,ruilb,0.0000
릜,ruils,0.0000
릝,ruilt,0.0000
릞,ruilp,0.0000
릟,ruilh,0.0000
릠,ruim,0.0000
릡,ruip,0.0000
릢,ruips,0.0000
릣,ruit,0.0000
릤,ruit,0.0000
릥,ruing,0.0000
릦,ruit,0.0000
릧,ruit,0.0000
릨,ruik,0.0000
릩,ruit,0.0000
릪,ruip,0.0000
릫,ruit,0.0000
릭,rik,0.0000
릮,rik,0.0000
릯,riks,0.0000
린,rin,0.0000
릱,rinj,0.0000
릲,rinh,0.0000
릳,rit,0.0000
릴,ril,0.0000
릵,rilk,0.0000
릶,rilm,0.0000
릷,rilb,0.0000
릸,rils,0.0000
릹,rilt,0.0000
릺,rilp,0.0000
릻,rilh,0.0000
림,rim,0.0000
립,rip,0.0000
릾,rips,0.0000
릿,rit,0.0000
맀,rit,0.0000
링,ring,0.0000
맂,rit,0.0000
맃,rit,0.0000
맄,rik,0.0000
맅,rit,0.0000
맆,rip,0.0000
맇,rit,0.0000
마,ma,0.0000
막,mak,0.0000
맊,mak,0.0000
맋,maks,0.0000
만,man,0.0000
맍,manj,0.0000
많,manh,0.0000
맏,mat,0.0000
말,mal,0.0000
맑,malk,0.0000
맒,malm,0.0000
맓,malb,0.0000
맔,mals,0.0000
맕,malt,0.0000
맖,malp,0.0000
맗,malh,0.0000
맘,mam,0.0000
맙,map,0.0000
맚,maps,0.0000
맛,mat,0.0000
맜,mat,0.0000
망,mang,0.0000
맞,mat,0.0000
맟,mat,0.0000
맠,mak,0.0000
맡,mat,0.0000
맢,map,0.0000
맣,mat,0.0000
매,mae,0.0000
맥,maek,0.0000
맦,maek,0.0000
맧,maeks,0.0000
맨,maen,0.0000
맩,maenj,0.0000
맪,maenh,0.0000
맫,maet,0.0000
맬,mael,0.0000
맭,maelk,0.0000
맮,maelm,0.0000
맯,maelb,0.0000
맰,maels,0.0000
맱,maelt,0.0000
맲,maelp,0.0000
맳,maelh,0.0000
맴,maem,0.0000
맵,maep,0.0000
맶,maeps,0.0000
맷,maet,0.0000
맸,maet,0.0000
맹,maeng,0.0000
맺,maet,0.0000
맻,maet,0.0000
맼,maek,0.0000
맽,maet,0.0000
맾,maep,0.0000
맿,maet,0.0000
먀,mya,0.0000
먁,myak,0.0000
먂,myak,0.0000
먃,myaks,0.0000
먄,myan,0.0000
먅,myanj,0.0000
먆,myanh,0.0000
먇,myat,0.0000
먈,myal,0.0000
먉,myalk,0.0000
먊,myalm,0.0000
먋,myalb,0.0000
먌,myals,0.0000
먍,myalt,0.0000
먎,myalp,0.0000
먏,myalh,0.0000
먐,myam,0.0000
먑,myap,0.0000
먒,myaps,0.0000
먓,myat,0.0000
먔,myat,0.0000
먕,myang,0.0000
먖,myat,0.0000
먗,myat,0.0000
먘,myak,0.0000
먙,myat,0.0000
먚,myap,0.0000
먛,myat,0.0000
먜,myae,0.0000
먝,myaek,0.0000
먞,myaek,0.0000
먟,myaeks,0.0000
먠,myaen,0.0000
먡,myaenj,0.0000
먢,myaenh,0.0000
먣,myaet,0.0000
먤,myael,0.0000
먥,myaelk,0.0000
먦,myaelm,0.0000
먧,myaelb,0.0000
먨,myaels,0.0000
먩,myaelt,0.0000
먪,myaelp,0.0000
먫,myaelh,0.0000
먬,myaem,0.0000
먭,myaep,0.0000
먮,myaeps,0.0000
먯,myaet,0.0000
먰,myaet,0.0000
먱,myaeng,0.0000
먲,myaet,0.0000
먳,myaet,0.0000
먴,myaek,0.0000
먵,myaet,0.0000
먶,myaep,0.0000
먷,myaet,0.0000
머,meo,0.0000
먹,meok,0.0000
먺,meok,0.0000
먻,meoks,0.0000
먼,meon,0.0000
먽,meonj,0.0000
먾,meonh,0.0000
먿,meot,0.0000
멀,meol,0.0000
멁,meolk,0.0000
멂,meolm,0.0000
멃,meolb,0.0000
멄,meols,0.0000
멅,meolt,0.0000
멆,meolp,0.0000
멇,meolh,0.0000
멈,meom,0.0000
멉,meop,0.0000
멊,meops,0.0000
멋,meot,0.0000
멌,meot,0.0000
멍,meong,0.0000
멎,meot,0.0000
멏,meot,0.0000
멐,meok,0.0000
멑,meot,0.0000
멒,meop,0.0000
멓,meot,0.0000
메,me,0.0000
멕,mek,0.0000
멖,mek,0.0000
멗,meks,0.0000
멘,men,0.0000
멙,menj,0.0000
멚,menh,0.0000
멛,met,0.0000
멜,mel,0.0000
멝,melk,0.0000
멞,melm,0.0000
멟,melb,0.0000
멠,mels,0.0000
멡,melt,0.0000
멢,melp,0.0000
멣,melh,0.0000
멤,mem,0.0000
멥,mep,0.0000
멦,meps,0.0000
멧,met,0.0000
멨,met,0.0000
멩,meng,0.0000
멪,met,0.0000
멫,met,0.0000
멬,mek,0.0000
멭,met,0.0000
멮,mep,0.0000
멯,met,0.0000
며,myeo,0.0000
멱,myeok,0.0000
멲,myeok,0.0000
멳,myeoks,0.0000
면,myeon,0.0000
멵,myeonj,0.0000
멶,myeonh,0.0000
멷,myeot,0.0000
멸,myeol,0.0000
멹,myeolk,0.0000
멺,myeolm,0.0000
멻,myeolb,0.0000
멼,myeols,0.0000
멽,myeolt,0.0000
멾,myeolp,0.0000
멿,myeolh,0.0000
몀,myeom,0.0000
몁,myeop,0.0000
몂,myeops,0.0000
몃,myeot,0.0000
몄,myeot,0.0000
명,myeong,0.0000
몆,myeot,0.0000
몇,myeot,0.0000
몈,myeok,0.0000
몉,myeot,0.0000
몊,myeop,0.0000
몋,myeot,0.0000
몌,mye,0.0000
몍,myek,0.0000
몎,myek,0.0000
몏,myeks,0.0000
몐,myen,0.0000
몑,myenj,0.0000
몒,myenh,0.0000
몓,myet,0.0000
몔,myel,0.0000
몕,myelk,0.0000
몖,myelm,0.0000
몗,myelb,0.0000
몘,myels,0.0000
몙,myelt,0.0000
몚,myelp,0.0000
몛,myelh,0.0000
몜,myem,0.0000
몝,myep,0.0000
몞,myeps,0.0000
몟,myet,0.0000
몠,myet,0.0000
몡,myeng,0.0000
몢,myet,0.0000
몣,myet,0.0000
몤,myek,0.0000
몥,myet,0.0000
몦,myep,0.0000
몧,myet,0.0000
모,mo,0.0000
목,mok,0.0000
몪,mok,0.0000
몫,moks,0.0000
몬,mon,0.0000
몭,monj,0.0000
몮,monh,0.0000
몯,mot,0.0000
몰,mol,0.0000
몱,molk,0.0000
몲,molm,0.0000
몳,molb,0.0000
몴,mols,0.0000
몵,molt,0.0000
몶,molp,0.0000
몷,molh,0.0000
몸,mom,0.0000
몹,mop,0.0000
몺,mops,0.0000
못,mot,0.0000
몼,mot,0.0000
몽,mong,0.0000
몾,mot,0.0000
몿,mot,0.0000
뫁,mot,0.0000
뫂,mop,0.0000
뫃,mot,0.0000
뫄,mwa,0.0000
뫅,mwak,0.0000
뫆,mwak,0.0000
뫇,mwaks,0.0000
뫈,mwan,0.0000
뫉,mwanj,0.0000
뫊,mwanh,0.0000
뫋,mwat,0.0000
뫌,mwal,0.0000
뫍,mwalk,0.0000
뫎,mwalm,0.0000
뫏,mwalb,0.0000
뫐,mwals,0.0000
뫑,mwalt,0.0000
뫒,mwalp,0.0000
뫓,mwalh,0.0000
뫔,mwam,0.0000
뫕,mwap,0.0000
뫖,mwaps,0.0000
뫗,mwat,0.0000
뫘,mwat,0.0000
뫙,mwang,0.0000
뫚,mwat,0.0000
뫛,mwat,0.0000
뫜,mwak,0.0000
뫝,mwat,0.0000
뫞,mwap,0.0000
뫟,mwat,0.0000
뫠,mwae,0.0000
뫡,mwaek,0.0000
뫢,mwaek,0.0000
뫣,mwaeks,0.0000
뫤,mwaen,0.0000
뫥,mwaenj,0.0000
뫦,mwaenh,0.0000
뫧,mwaet,0.0000
뫨,mwael,0.0000
뫩,mwaelk,0.0000
뫪,mwaelm,0.0000
뫫,mwaelb,0.0000
뫬,mwaels,0.0000
뫭,mwaelt,0.0000
뫮,mwaelp,0.0000
뫯,mwaelh,0.0000
뫰,mwaem,0.0000
뫱,mwaep,0.0000
뫲,mwaeps,0.0000
뫳,mwaet,0.0000
뫴,mwaet,0.0000
뫵,mwaeng,0.0000
뫶,mwaet,0.0000
뫷,mwaet,0.0000
뫸,mwaek,0.0000
뫹,mwaet,0.0000
뫺,mwaep,0.0000
뫻,mwaet,0.0000
뫼,moe,0.0000
뫽,moek,0.0000
뫾,moek,0.0000
뫿,moeks,0.0000
묀,moen,0.0000
묁,moenj,0.0000
묂,moenh,0.0000
묃,moet,0.0000
묄,moel,0.0000
묅,moelk,0.0000
묆,moelm,0.0000
묇,moelb,0.0000
묈,moels,0.0000
묉,moelt,0.0000
묊,moelp,0.0000
묋,moelh,0.0000
묌,moem,0.0000
묍,moep,0.0000
묎,moeps,0.0000
묏,moet,0.0000
묐,moet,0.0000
묑,moeng,0.0000
묒,moet,0.0000
묓,moet,0.0000
묔,moek,0.0000
묕,moet,0.0000
묖,moep,0.0000
묗,moet,0.0000
묘,myo,0.0000
묙,myok,0.0000
묚,myok,0.0000
묛,myoks,0.0000
묜,myon,0.0000
묝,myonj,0.0000
묞,myonh,0.0000
묟,myot,0.0000
묠,myol,0.0000
묡,myolk,0.0000
묢,myolm,0.0000
묣,myolb,0.0000
묤,myols,0.0000
묥,myolt,0.0000
묦,myolp,0.0000
묧,myolh,0.0000
묨,myom,0.0000
묩,myop,0.0000
묪,myops,0.0000
묫,myot,0.0000
묬,myot,0.0000
묭,myong,0.0000
묮,myot,0.0000
묯,myot,0.0000
묰,myok,0.0000
묱,myot,0.0000
묲,myop,0.0000
묳,myot,0.0000
무,mu,0.0000
묵,muk,0.0000
묶,muk,0.0000
묷,muks,0.0000
문,mun,0.0000
묹,munj,0.0000
묺,munh,0.0000
묻,mut,0.0000
물,mul,0.0000
묽,mulk,0.0000
묾,mulm,0.0000
묿,mulb,0.0000
뭀,muls,0.0000
뭁,mult,0.0000
뭂,mulp,0.0000
뭃,mulh,0.0000
뭄,mum,0.0000
뭅,mup,0.0000
뭆,mups,0.0000
뭇,mut,0.0000
뭈,mut,0.0000
뭉,mung,0.0000
뭊,mut,0.0000
뭋,mut,0.0000
뭌,muk,0.0000
뭍,mut,0.0000
뭎,mup,0.0000
뭏,mut,0.0000
뭐,mwo,0.0000
뭑,mwok,0.0000
뭒,mwok,0.0000
뭓,mwoks,0.0000
뭔,mwon,0.0000
뭕,mwonj,0.0000
뭖,mwonh,0.0000
뭗,mwot,0.0000
뭘,mwol,0.0000
뭙,mwolk,0.0000
뭚,mwolm,0.0000
뭛,mwolb,0.0000
뭜,mwols,0.0000
뭝,mwolt,0.0000
뭞,mwolp,0.0000
뭟,mwolh,0.0000
뭠,mwom,0.0000
뭡,mwop,0.0000
뭢,mwops,0.0000
뭣,mwot,0.0000
뭤,mwot,0.0000
뭥,mwong,0.0000
뭦,mwot,0.0000
뭧,mwot,0.0000
뭨,mwok,0.0000
뭩,mwot,0.0000
뭪,mwop,0.0000
뭫,mwot,0.0000
뭬,mwe,0.0000
뭭,mwek,0.0000
뭮,mwek,0.0000
뭯,mweks,0.0000
뭰,mwen,0.0000
뭱,mwenj,0.0000
뭲,mwenh,0.0000
뭳,mwet,0.0000
뭴,mwel,0.0000
뭵,mwelk,0.0000
뭶,mwelm,0.0000
뭷,mwelb,0.0000
뭸,mwels,0.0000
뭹,mwelt,0.0000
뭺,mwelp,0.0000
뭻,mwelh,0.0000
뭼,mwem,0.0000
뭽,mwep,0.0000
뭾,mweps,0.0000
뭿,mwet,0.0000
뮀,mwet,0.0000
뮁,mweng,0.0000
뮂,mwet,0.0000
뮃,mwet,0.0000
뮄,mwek,0.0000
뮅,mwet,0.0000
뮆,mwep,0.0000
뮇,mwet,0.0000
뮈,mwi,0.0000
뮉,mwik,0.0000
뮊,mwik,0.0000
뮋,mwiks,0.0000
뮌,mwin,0.0000
뮍,mwinj,0.0000
뮎,mwinh,0.0000
뮏,mwit,0.0000
뮐,mwil,0.0000
뮑,mwilk,0.0000
뮒,mwilm,0.0000
뮓,mwilb,0.0000
뮔,mwils,0.0000
뮕,mwilt,0.0000
뮖,mwilp,0.0000
뮗,mwilh,0.0000
뮘,mwim,0.0000
뮙,mwip,0.0000
뮚,mwips,0.0000
뮛,mwit,0.0000
뮜,mwit,0.0000
뮝,mwing,0.0000
뮞,mwit,0.0000
뮟,mwit,0.0000
뮠,mwik,0.0000
뮡,mwit,0.0000
뮢,mwip,0.0000
뮣,mwit,0.0000
뮤,myu,0.0000
뮥,myuk,0.0000
뮦,myuk,0.0000
뮧,myuks,0.0000
뮨,myun,0.0000
뮩,myunj,0.0000
뮪,myunh,0.0000
뮫,myut,0.0000
뮬,myul,0.0000
뮭,myulk,0.0000
뮮,myulm,0.0000
뮯,myulb,0.0000
뮰,myuls,0.0000
뮱,myult,0.0000
뮲,myulp,0.0000
뮳,myulh,0.0000
뮴,myum,0.0000
뮵,myup,0.0000
뮶,myups,0.0000
뮷,myut,0.0000
뮸,myut,0.0000
뮺,myut,0.0000
뮻,myut,0.0000
뮼,myuk,0.0000
뮽,myut,0.0000
뮾,myup,0.0000
뮿,myut,0.0000
므,meu,0.0000
믁,meuk,0.0000
믂,meuk,0.0000
믃,meuks,0.0000
믄,meun,0.0000
믅,meunj,0.0000
믆,meunh,0.0000
믇,meut,0.0000
믈,meul,0.0000
믉,meulk,0.0000
믊,meulm,0.0000
믋,meulb,0.0000
믌,meuls,0.0000
믍,meult,0.0000
믎,meulp,0.0000
믏,meulh,0.0000
믐,meum,0.0000
믑,meup,0.0000
믒,meups,0.0000
믓,meut,0.0000
믔,meut,0.0000
믕,meung,0.0000
믖,meut,0.0000
믗,meut,0.0000
믘,meuk,0.0000
믙,meut,0.0000
믚,meup,0.0000
믛,meut,0.0000
믜,mui,0.0000
믝,muik,0.0000
믞,muik,0.0000
믟,muiks,0.0000
믠,muin,0.0000
믡,muinj,0.0000
믢,muinh,0.0000
믣,muit,0.0000
믤,muil,0.0000
믥,muilk,0.0000
믦,muilm,0.0000
믧,muilb,0.0000
믨,muils,0.0000
믩,muilt,0.0000
믪,muilp,0.0000
믫,muilh,0.0000
믬,muim,0.0000
믭,muip,0.0000
믮,muips,0.0000
믯,muit,0.0000
믰,muit,0.0000
믱,muing,0.0000
믲,muit,0.0000
믳,muit,0.0000
믴,muik,0.0000
믵,muit,0.0000
믶,muip,0.0000
믷,muit,0.0000
미,mi,0.0000
믹,mik,0.0000
믺,mik,0.0000
믻,miks,0.0000
민,min,-0.7000
믽,minj,0.0000
믾,minh,0.0000
믿,mit,0.0000
밀,mil,0.0000
밁,milk,0.0000
밂,milm,0.0000
밃,milb,0.0000
밄,mils,0.0000
밅,milt,0.0000
밆,milp,0.0000
밇,milh,0.0000
밈,mim,0.0000
밉,mip,0.0000
밊,mips,0.0000
밋,mit,0.0000
밌,mit,0.0000
밍,ming,0.0000
밎,mit,0.0000
및,mit,0.0000
밐,mik,0.0000
밑,mit,0.0000
밒,mip,0.0000
밓,mit,0.0000
바,ba,0.0000
박,bak,0.0000
밗,baks,0.0000
반,ban,0.0000
밙,banj,0.0000
밚,banh,0.0000
받,bat,0.0000
발,bal,0.0000
밝,balk,0.0000
밞,balm,0.0000
밟,balb,0.0000
밠,bals,0.0000
밡,balt,0.0000
밢,balp,0.0000
밣,balh,0.0000
밤,bam,0.0000
밥,bap,0.0000
밦,baps,0.0000
밧,bat,0.0000
밨,bat,0.0000
방,bang,0.0000
밪,bat,0.0000
밫,bat,0.0000
밭,bat,0.0000
밮,bap,0.0000
밯,bat,0.0000
배,bae,0.0000
백,baek,0.0000
밳,baeks,0.0000
밴,baen,0.0000
밵,baenj,0.0000
밶,baenh,0.0000
밷,baet,0.0000
밸,bael,0.0000
밹,baelk,0.0000
밺,baelm,0.0000
밻,baelb,0.0000
밼,baels,0.0000
밽,baelt,0.0000
밾,baelp,0.0000
밿,baelh,0.0000
뱀,baem,0.0000
뱁,baep,0.0000
뱂,baeps,0.0000
뱃,baet,0.0000
뱄,baet,0.0000
뱅,baeng,0.0000
뱆,baet,0.0000
뱇,baet,0.0000
뱉,baet,0.0000
뱊,baep,0.0000
뱋,baet,0.0000
뱌,bya,0.0000
뱍,byak,0.0000
뱎,byak,0.0000
뱏,byaks,0.0000
뱐,byan,0.0000
뱑,byanj,0.0000
뱒,byanh,0.0000
뱓,byat,0.0000
뱔,byal,0.0000
뱕,byalk,0.0000
뱖,byalm,0.0000
뱗,byalb,0.0000
뱘,byals,0.0000
뱙,byalt,0.0000
뱚,byalp,0.0000
뱛,byalh,0.0000
뱜,byam,0.0000
뱝,byap,0.0000
뱞,byaps,0.0000
뱟,byat,0.0000
뱠,byat,0.0000
뱡,byang,0.0000
뱢,byat,0.0000
뱣,byat,0.0000
뱤,byak,0.0000
뱥,byat,0.0000
뱦,byap,0.0000
뱧,byat,0.0000
뱨,byae,0.0000
뱩,byaek,0.0000
뱪,byaek,0.0000
뱫,byaeks,0.0000
뱬,byaen,0.0000
뱭,byaenj,0.0000
뱮,byaenh,0.0000
뱯,byaet,0.0000
뱰,byael,0.0000
뱱,byaelk,0.0000
뱲,byaelm,0.0000
뱳,byaelb,0.0000
뱴,byaels,0.0000
뱵,byaelt,0.0000
뱶,byaelp,0.0000
뱷,byaelh,0.0000
뱸,byaem,0.0000
뱹,byaep,0.0000
뱺,byaeps,0.0000
뱻,byaet,0.0000
뱼,byaet,0.0000
뱽,byaeng,0.0000
뱾,byaet,0.0000
뱿,byaet,0.0000
벀,byaek,0.0000
벁,byaet,0.0000
벂,byaep,0.0000
벃,byaet,0.0000
버,beo,0.0000
벅,beok,0.0000
벆,beok,0.0000
벇,beoks,0.0000
번,beon,0.0000
벉,beonj,0.0000
벊,beonh,0.0000
벋,beot,0.0000
벌,beol,0.0000
벍,beolk,0.0000
벎,beolm,0.0000
벏,beolb,0.0000
벐,beols,0.0000
벑,beolt,0.0000
벒,beolp,0.0000
벓,beolh,0.0000
범,beom,0.0000
법,beop,0.0000
벖,beops,0.0000
벗,beot,0.0000
벘,beot,0.0000
벙,beong,0.0000
벚,beot,0.0000
벛,beot,0.0000
벜,beok,0.0000
벝,beot,0.0000
벞,beop,0.0000
벟,beot,0.0000
베,be,0.0000
벡,bek,0.0000
벢,bek,0.0000
벣,beks,0.0000
벤,ben,0.0000
벥,benj,0.0000
벦,benh,0.0000
벧,bet,0.0000
벨,bel,0.0000
벩,belk,0.0000
벪,belm,0.0000
벫,belb,0.0000
벬,bels,0.0000
벭,belt,0.0000
벮,belp,0.0000
벯,belh,0.0000
벰,bem,0.0000
벱,bep,0.0000
벲,beps,0.0000
벳,bet,0.0000
벴,bet,0.0000
벵,beng,0.0000
벶,bet,0.0000
벷,bet,0.0000
벸,bek,0.0000
벹,bet,0.0000
벺,bep,0.0000
벻,bet,0.0000
벼,byeo,0.0000
벽,byeok,0.0000
벾,byeok,0.0000
벿,byeoks,0.0000
변,byeon,0.0000
볁,byeonj,0.0000
볂,byeonh,0.0000
볃,byeot,0.0000
별,byeol,0.0000
볅,byeolk,0.0000
볆,byeolm,0.0000
볇,byeolb,0.0000
볈,byeols,0.0000
볉,byeolt,0.0000
볊,byeolp,0.0000
볋,byeolh,0.0000
볌,byeom,0.0000
볍,byeop,0.0000
볎,byeops,0.0000
볏,byeot,0.0000
볐,byeot,0.0000
병,byeong,0.0000
볒,byeot,0.0000
볓,byeot,0.0000
볔,byeok,0.0000
볕,byeot,0.0000
볖,byeop,0.0000
볗,byeot,0.0000
볘,bye,0.0000
볙,byek,0.0000
볚,byek,0.0000
볛,byeks,0.0000
볜,byen,0.0000
볝,byenj,0.0000
볞,byenh,0.0000
볟,byet,0.0000
볠,byel,0.0000
볡,byelk,0.0000
볢,byelm,0.0000
볣,byelb,0.0000
볤,byels,0.0000
볥,byelt,0.0000
볦,byelp,0.0000
볧,byelh,0.0000
볨,byem,0.0000
볩,byep,0.0000
볪,byeps,0.0000
볫,byet,0.0000
볬,byet,0.0000
볭,byeng,0.0000
볮,byet,0.0000
볯,byet,0.0000
볰,byek,0.0000
볱,byet,0.0000
볲,byep,0.0000
볳,byet,0.0000
보,bo,0.0000
복,bok,0.0000
볷,boks,0.0000
본,bon,0.0000
볹,bonj,0.0000
볺,bonh,0.0000
볻,bot,0.0000
볼,bol,0.0000
볽,bolk,0.0000
볾,bolm,0.0000
볿,bolb,0.0000
봀,bols,0.0000
봁,bolt,0.0000
봂,bolp,0.0000
봃,bolh,0.0000
봄,bom,0.0000
봅,bop,0.0000
봆,bops,0.0000
봇,bot,0.0000
봈,bot,0.0000
봉,bong,0.0000
봊,bot,0.0000
봋,bot,0.0000
봍,bot,0.0000
봎,bop,0.0000
봏,bot,0.0000
봐,bwa,0.0000
봑,bwak,0.0000
봒,bwak,0.0000
봓,bwaks,0.0000
봔,bwan,0.0000
봕,bwanj,0.0000
봖,bwanh,0.0000
봗,bwat,0.0000
봘,bwal,0.0000
봙,bwalk,0.0000
봚,bwalm,0.0000
봛,bwalb,0.0000
봜,bwals,0.0000
봝,bwalt,0.0000
봞,bwalp,0.0000
봟,bwalh,0.0000
봠,bwam,0.0000
봡,bwap,0.0000
봢,bwaps,0.0000
봣,bwat,0.0000
봤,bwat,0.0000
봥,bwang,0.0000
봦,bwat,0.0000
봧,bwat,0.0000
봨,bwak,0.0000
봩,bwat,0.0000
봪,bwap,0.0000
봫,bwat,0.0000
봬,bwae,0.0000
봭,bwaek,0.0000
봮,bwaek,0.0000
봯,bwaeks,0.0000
봰,bwaen,0.0000
봱,bwaenj,0.0000
봲,bwaenh,0.0000
봳,bwaet,0.0000
봴,bwael,0.0000
봵,bwaelk,0.0000
봶,bwaelm,0.0000
봷,bwaelb,0.0000
봸,bwaels,0.0000
봹,bwaelt,0.0000
봺,bwaelp,0.0000
봻,bwaelh,0.0000
봼,bwaem,0.0000
봽,bwaep,0.0000
봾,bwaeps,0.0000
봿,bwaet,0.0000
뵀,bwaet,0.0000
뵁,bwaeng,0.0000
뵂,bwaet,0.0000
뵃,bwaet,0.0000
뵄,bwaek,0.0000
뵅,bwaet,0.0000
뵆,bwaep,0.0000
뵇,bwaet,0.0000
뵈,boe,0.0000
뵉,boek,0.0000
뵊,boek,0.0000
뵋,boeks,0.0000
뵌,boen,0.0000
뵍,boenj,0.0000
뵎,boenh,0.0000
뵏,boet,0.0000
뵐,boel,0.0000
뵑,boelk,0.0000
뵒,boelm,0.0000
뵓,boelb,0.0000
뵔,boels,0.0000
뵕,boelt,0.0000
뵖,boelp,0.0000
뵗,boelh,0.0000
뵘,boem,0.0000
뵙,boep,0.0000
뵚,boeps,0.0000
뵛,boet,0.0000
뵜,boet,0.0000
뵝,boeng,0.0000
뵞,boet,0.0000
뵟,boet,0.0000
뵠,boek,0.0000
뵡,boet,0.0000
뵢,boep,0.0000
뵣,boet,0.0000
뵤,byo,0.0000
뵥,byok,0.0000
뵦,byok,0.0000
뵧,byoks,0.0000
뵩,byonj,0.0000
뵪,byonh,0.0000
뵫,byot,0.0000
뵬,byol,0.0000
뵭,byolk,0.0000
뵮,byolm,0.0000
뵯,byolb,0.0000
뵰,byols,0.0000
뵱,byolt,0.0000
뵲,byolp,0.0000
뵳,byolh,0.0000
뵴,byom,0.0000
뵵,byop,0.0000
뵶,byops,0.0000
뵷,byot,0.0000
뵸,byot,0.0000
뵹,byong,0.0000
뵺,byot,0.0000
뵻,byot,0.0000
뵼,byok,0.0000
뵽,byot,0.0000
뵾,byop,0.0000
뵿,byot,0.0000
부,bu,0.0000
북,buk,0.0000
붂,buk,0.0000
붃,buks,0.0000
분,bun,0.0000
붅,bunj,0.0000
붆,bunh,0.0000
붇,but,0.0000
불,bul,0.0000
붉,bulk,0.0000
붊,bulm,0.0000
붋,bulb,0.0000
붌,buls,0.0000
붍,bult,0.0000
붎,bulp,0.0000
붏,bulh,0.0000
붑,bup,0.0000
붒,bups,0.0000
붓,but,0.0000
붔,but,0.0000
붕,bung,0.0000
붖,but,0.0000
붗,but,0.0000
붘,buk,0.0000
붙,but,0.0000
붚,bup,0.0000
붛,but,0.0000
붜,bwo,0.0000
붝,bwok,0.0000
붞,bwok,0.0000
붟,bwoks,0.0000
붠,bwon,0.0000
붡,bwonj,0.0000
붢,bwonh,0.0000
붣,bwot,0.0000
붤,bwol,0.0000
붥,bwolk,0.0000
붦,bwolm,0.0000
붧,bwolb,0.0000
붨,bwols,0.0000
붩,bwolt,0.0000
붪,bwolp,0.0000
붫,bwolh,0.0000
붬,bwom,0.0000
붭,bwop,0.0000
붮,bwops,0.0000
붯,bwot,0.0000
붰,bwot,0.0000
붱,bwong,0.0000
붲,bwot,0.0000
붳,bwot,0.0000
붴,bwok,0.0000
붵,bwot,0.0000
붶,bwop,0.0000
붷,bwot,0.0000
붸,bwe,0.0000
붹,bwek,0.0000
붺,bwek,0.0000
붻,bweks,0.0000
붼,bwen,0.0000
붽,bwenj,0.0000
붾,bwenh,0.0000
붿,bwet,0.0000
뷀,bwel,0.0000
뷁,bwelk,0.0000
뷂,bwelm,0.0000
뷃,bwelb,0.0000
뷄,bwels,0.0000
뷅,bwelt,0.0000
뷆,bwelp,0.0000
뷇,bwelh,0.0000
뷈,bwem,0.0000
뷉,bwep,0.0000
뷊,bweps,0.0000
뷋,bwet,0.0000
뷌,bwet,0.0000
뷍,bweng,0.0000
뷎,bwet,0.0000
뷏,bwet,0.0000
뷐,bwek,0.0000
뷑,bwet,0.0000
뷒,bwep,0.0000
뷓,bwet,0.0000
뷔,bwi,0.0000
뷕,bwik,0.0000
뷖,bwik,0.0000
뷗,bwiks,0.0000
뷘,bwin,0.0000
뷙,bwinj,0.0000
뷚,bwinh,0.0000
뷛,bwit,0.0000
뷜,bwil,0.0000
뷝,bwilk,0.0000
뷞,bwilm,0.0000
뷟,bwilb,0.0000
뷠,bwils,0.0000
뷡,bwilt,0.0000
뷢,bwilp,0.0000
뷣,bwilh,0.0000
뷤,bwim,0.0000
뷥,bwip,0.0000
뷦,bwips,0.0000
뷧,bwit,0.0000
뷨,bwit,0.0000
뷩,bwing,0.0000
뷪,bwit,0.0000
뷫,bwit,0.0000
뷬,bwik,0.0000
뷭,bwit,0.0000
뷮,bwip,0.0000
뷯,bwit,0.0000
뷰,byu,0.0000
뷱,byuk,0.0000
뷲,byuk,0.0000
뷳,byuks,0.0000
뷵,byunj,0.0000
뷶,byunh,0.0000
뷷,byut,0.0000
뷸,byul,0.0000
뷹,byulk,0.0000
뷺,byulm,0.0000
뷻,byulb,0.0000
뷼,byuls,0.0000
뷽,byult,0.0000
뷾,byulp,0.0000
뷿,byulh,0.0000
븀,byum,0.0000
븁,byup,0.0000
븂,byups,0.0000
븃,byut,0.0000
븄,byut,0.0000
븅,byung,0.0000
븆,byut,0.0000
븇,byut,0.0000
븈,byuk,0.0000
븉,byut,0.0000
븊,byup,0.0000
븋,byut,0.0000
브,beu,0.0000
븍,beuk,0.0000
븎,beuk,0.0000
븏,beuks,0.0000
븐,beun,0.0000
븑,beunj,0.0000
븒,beunh,0.0000
븓,beut,0.0000
블,beul,0.0000
븕,beulk,0.0000
븖,beulm,0.0000
븗,beulb,0.0000
븘,beuls,0.0000
븙,beult,0.0000
븚,beulp,0.0000
븛,beulh,0.0000
븜,beum,0.0000
븝,beup,0.0000
븞,beups,0.0000
븟,beut,0.0000
븠,beut,0.0000
븡,beung,0.0000
븢,beut,0.0000
븣,beut,0.0000
븤,beuk,0.0000
븥,beut,0.0000
븦,beup,0.0000
븧,beut,0.0000
븨,bui,0.0000
븩,buik,0.0000
븪,buik,0.0000
븫,buiks,0.0000
븬,buin,0.0000
븭,buinj,0.0000
븮,buinh,0.0000
븯,buit,0.0000
븰,buil,0.0000
븱,builk,0.0000
븲,builm,0.0000
븳,builb,0.0000
븴,buils,0.0000
븵,built,0.0000
븶,builp,0.0000
븷,builh,0.0000
븸,buim,0.0000
븹,buip,0.0000
븺,buips,0.0000
븻,buit,0.0000
븼,buit,0.0000
븽,buing,0.0000
븾,buit,0.0000
븿,buit,0.0000
빀,buik,0.0000
빁,buit,0.0000
빂,buip,0.0000
빃,buit,0.0000
비,bi,0.0000
빅,bik,0.0000
빆,bik,0.0000
빇,biks,0.0000
빈,bin,0.0000
빉,binj,0.0000
빊,binh,0.0000
빋,bit,0.0000
빌,bil,0.0000
빍,bilk,0.0000
빎,bilm,0.0000
빏,bilb,0.0000
빐,bils,0.0000
빑,bilt,0.0000
빒,bilp,0.0000
빓,bilh,0.0000
빔,bim,0.0000
빕,bip,0.0000
빖,bips,0.0000
빗,bit,0.0000
빘,bit,0.0000
빙,bing,0.0000
빚,bit,0.0000
빛,bit,0.0000
빜,bik,0.0000
빝,bit,0.0000
빞,bip,0.0000
빟,bit,0.0000
빠,ppa,0.0000
빡,ppak,0.0000
빢,ppak,0.0000
빣,ppaks,0.0000
빤,ppan,0.0000
빥,ppanj,0.0000
빦,ppanh,0.0000
빧,ppat,0.0000
빨,ppal,0.0000
빩,ppalk,0.0000
빪,ppalm,0.0000
빫,ppalb,0.0000
빬,ppals,0.0000
빭,ppalt,0.0000
빮,ppalp,0.0000
빯,ppalh,0.0000
빰,ppam,0.0000
빱,ppap,0.0000
빲,ppaps,0.0000
빳,ppat,0.0000
빴,ppat,0.0000
빵,ppang,0.0000
빶,ppat,0.0000
빷,ppat,0.0000
빸,ppak,0.0000
빹,ppat,0.0000
빺,ppap,0.0000
빻,ppat,0.0000
빼,ppae,0.0000
빽,ppaek,0.0000
빾,ppaek,0.0000
빿,ppaeks,0.0000
뺀,ppaen,0.0000
뺁,ppaenj,0.0000
뺂,ppaenh,0.0000
뺃,ppaet,0.0000
뺄,ppael,0.0000
뺅,ppaelk,0.0000
뺆,ppaelm,0.0000
뺇,ppaelb,0.0000
뺈,ppaels,0.0000
뺉,ppaelt,0.0000
뺊,ppaelp,0.0000
뺋,ppaelh,0.0000
뺌,ppaem,0.0000
뺍,ppaep,0.0000
뺎,ppaeps,0.0000
뺏,ppaet,0.0000
뺐,ppaet,0.0000
뺑,ppaeng,0.0000
뺒,ppaet,0.0000
뺓,ppaet,0.0000
뺔,ppaek,0.0000
뺕,ppaet,0.0000
뺖,ppaep,0.0000
뺗,ppaet,0.0000
뺘,ppya,0.0000
뺙,ppyak,0.0000
뺚,ppyak,0.0000
뺛,ppyaks,0.0000
뺜,ppyan,0.0000
뺝,ppyanj,0.0000
뺞,ppyanh,0.0000
뺟,ppyat,0.0000
뺠,ppyal,0.0000
뺡,ppyalk,0.0000
뺢,ppyalm,0.0000
뺣,ppyalb,0.0000
뺤,ppyals,0.0000
뺥,ppyalt,0.0000
뺦,ppyalp,0.0000
뺧,ppyalh,0.0000
뺨,ppyam,0.0000
뺩,ppyap,0.0000
뺪,ppyaps,0.0000
뺫,ppyat,0.0000
뺬,ppyat,0.0000
뺭,ppyang,0.0000
뺮,ppyat,0.0000
뺯,ppyat,0.0000
뺰,ppyak,0.0000
뺱,ppyat,0.0000
뺲,ppyap,0.0000
뺳,ppyat,0.0000
뺴,ppyae,0.0000
뺵,ppyaek,0.0000
뺶,ppyaek,0.0000
뺷,ppyaeks,0.0000
뺸,ppyaen,0.0000
뺹,ppyaenj,0.0000
뺺,ppyaenh,0.0000
뺻,ppyaet,0.0000
뺼,ppyael,0.0000
뺽,ppyaelk,0.0000
뺾,ppyaelm,0.0000
뺿,ppyaelb,0.0000
뻀,ppyaels,0.0000
뻁,ppyaelt,0.0000
뻂,ppyaelp,0.0000
뻃,ppyaelh,0.0000
뻄,ppyaem,0.0000
뻅,ppyaep,0.0000
뻆,ppyaeps,0.0000
뻇,ppyaet,0.0000
뻈,ppyaet,0.0000
뻉,ppyaeng,0.0000
뻊,ppyaet,0.0000
뻋,ppyaet,0.0000
뻌,ppyaek,0.0000
뻍,ppyaet,0.0000
뻎,ppyaep,0.0000
뻏,ppyaet,0.0000
뻐,ppeo,0.0000
뻑,ppeok,0.0000
뻒,ppeok,0.0000
뻓,ppeoks,0.0000
뻔,ppeon,0.0000
뻕,ppeonj,0.0000
뻖,ppeonh,0.0000
뻗,ppeot,0.0000
뻘,ppeol,0.0000
뻙,ppeolk,0.0000
뻚,ppeolm,0.0000
뻛,ppeolb,0.0000
뻜,ppeols,0.0000
뻝,ppeolt,0.0000
뻞,ppeolp,0.0000
뻟,ppeolh,0.0000
뻠,ppeom,0.0000
뻡,ppeop,0.0000
뻢,ppeops,0.0000
뻣,ppeot,0.0000
뻤,ppeot,0.0000
뻥,ppeong,0.0000
뻦,ppeot,0.0000
뻧,ppeot,0.0000
뻨,ppeok,0.0000
뻩,ppeot,0.0000
뻪,ppeop,0.0000
뻫,ppeot,0.0000
뻬,ppe,0.0000
뻭,ppek,0.0000
뻮,ppek,0.0000
뻯,ppeks,0.0000
뻰,ppen,0.0000
뻱,ppenj,0.0000
뻲,ppenh,0.0000
뻳,ppet,0.0000
뻴,ppel,0.0000
뻵,ppelk,0.0000
뻶,ppelm,0.0000
뻷,ppelb,0.0000
뻸,ppels,0.0000
뻹,ppelt,0.0000
뻺,ppelp,0.0000
뻻,ppelh,0.0000
뻼,ppem,0.0000
뻽,ppep,0.0000
뻾,ppeps,0.0000
뻿,ppet,0.0000
뼀,ppet,0.0000
뼁,ppeng,0.0000
뼂,ppet,0.0000
뼃,ppet,0.0000
뼄,ppek,0.0000
뼅,ppet,0.0000
뼆,ppep,0.0000
뼇,ppet,0.0000
뼈,ppyeo,0.0000
뼉,ppyeok,0.0000
뼊,ppyeok,0.0000
뼋,ppyeoks,0.0000
뼌,ppyeon,0.0000
뼍,ppyeonj,0.0000
뼎,ppyeonh,0.0000
뼏,ppyeot,0.0000
뼐,ppyeol,0.0000
뼑,ppyeolk,0.0000
뼒,ppyeolm,0.0000
뼓,ppyeolb,0.0000
뼔,ppyeols,0.0000
뼕,ppyeolt,0.0000
뼖,ppyeolp,0.0000
뼗,ppyeolh,0.0000
뼘,ppyeom,0.0000
뼙,ppyeop,0.0000
뼚,ppyeops,0.0000
뼛,ppyeot,0.0000
뼜,ppyeot,0.0000
뼝,ppyeong,0.0000
뼞,ppyeot,0.0000
뼟,ppyeot,0.0000
뼠,ppyeok,0.0000
뼡,ppyeot,0.0000
뼢,ppyeop,0.0000
뼣,ppyeot,0.0000
뼤,ppye,0.0000
뼥,ppyek,0.0000
뼦,ppyek,0.0000
뼧,ppyeks,0.0000
뼨,ppyen,0.0000
뼩,ppyenj,0.0000
뼪,ppyenh,0.0000
뼫,ppyet,0.0000
뼬,ppyel,0.0000
뼭,ppyelk,0.0000
뼮,ppyelm,0.0000
뼯,ppyelb,0.0000
뼰,ppyels,0.0000
뼱,ppyelt,0.0000
뼲,ppyelp,0.0000
뼳,ppyelh,0.0000
뼴,ppyem,0.0000
뼵,ppyep,0.0000
뼶,ppyeps,0.0000
뼷,ppyet,0.0000
뼸,ppyet,0.0000
뼹,ppyeng,0.0000
뼺,ppyet,0.0000
뼻,ppyet,0.0000
뼼,ppyek,0.0000
뼽,ppyet,0.0000
뼾,ppyep,0.0000
뼿,ppyet,0.0000
뽀,ppo,0.0000
뽁,ppok,0.0000
뽂,ppok,0.0000
뽃,ppoks,0.0000
뽄,ppon,0.0000
뽅,pponj,0.0000
뽆,pponh,0.0000
뽇,ppot,0.0000
뽈,ppol,0.0000
뽉,ppolk,0.0000
뽊,ppolm,0.0000
뽋,ppolb,0.0000
뽌,ppols,0.0000
뽍,ppolt,0.0000
뽎,ppolp,0.0000
뽏,ppolh,0.0000
뽐,ppom,0.0000
뽑,ppop,0.0000
뽒,ppops,0.0000
뽓,ppot,0.0000
뽔,ppot,0.0000
뽕,ppong,0.0000
뽖,ppot,0.0000
뽗,ppot,0.0000
뽘,ppok,0.0000
뽙,ppot,0.0000
뽚,ppop,0.0000
뽛,ppot,0.0000
뽜,ppwa,0.0000
뽝,ppwak,0.0000
뽞,ppwak,0.0000
뽟,ppwaks,0.0000
뽠,ppwan,0.0000
뽡,ppwanj,0.0000
뽢,ppwanh,0.0000
뽣,ppwat,0.0000
뽤,ppwal,0.0000
뽥,ppwalk,0.0000
뽦,ppwalm,0.0000
뽧,ppwalb,0.0000
뽨,ppwals,0.0000
뽩,ppwalt,0.0000
뽪,ppwalp,0.0000
뽫,ppwalh,0.0000
뽬,ppwam,0.0000
뽭,ppwap,0.0000
뽮,ppwaps,0.0000
뽯,ppwat,0.0000
뽰,ppwat,0.0000
뽱,ppwang,0.0000
뽲,ppwat,0.0000
뽳,ppwat,0.0000
뽴,ppwak,0.0000
뽵,ppwat,0.0000
뽶,ppwap,0.0000
뽷,ppwat,0.0000
뽸,ppwae,0.0000
뽹,ppwaek,0.0000
뽺,ppwaek,0.0000
뽻,ppwaeks,0.0000
뽼,ppwaen,0.0000
뽽,ppwaenj,0.0000
뽾,ppwaenh,0.0000
뽿,ppwaet,0.0000
뾀,ppwael,0.0000
뾁,ppwaelk,0.0000
뾂,ppwaelm,0.0000
뾃,ppwaelb,0.0000
뾄,ppwaels,0.0000
뾅,ppwaelt,0.0000
뾆,ppwaelp,0.0000
뾇,ppwaelh,0.0000
뾈,ppwaem,0.0000
뾉,ppwaep,0.0000
뾊,ppwaeps,0.0000
뾋,ppwaet,0.0000
뾌,ppwaet,0.0000
뾍,ppwaeng,0.0000
뾎,ppwaet,0.0000
뾏,ppwaet,0.0000
뾐,ppwaek,0.0000
뾑,ppwaet,0.0000
뾒,ppwaep,0.0000
뾓,ppwaet,0.0000
뾔,ppoe,0.0000
뾕,ppoek,0.0000
뾖,ppoek,0.0000
뾗,ppoeks,0.0000
뾘,ppoen,0.0000
뾙,ppoenj,0.0000
뾚,ppoenh,0.0000
뾛,ppoet,0.0000
뾜,ppoel,0.0000
뾝,ppoelk,0.0000
뾞,ppoelm,0.0000
뾟,ppoelb,0.0000
뾠,ppoels,0.0000
뾡,ppoelt,0.0000
뾢,ppoelp,0.0000
뾣,ppoelh,0.0000
뾤,ppoem,0.0000
뾥,ppoep,0.0000
뾦,ppoeps,0.0000
뾧,ppoet,0.0000
뾨,ppoet,0.0000
뾩,ppoeng,0.0000
뾪,ppoet,0.0000
뾫,ppoet,0.0000
뾬,ppoek,0.0000
뾭,ppoet,0.0000
뾮,ppoep,0.0000
뾯,ppoet,0.0000
뾰,ppyo,0.0000
뾱,ppyok,0.0000
뾲,ppyok,0.0000
뾳,ppyoks,0.0000
뾴,ppyon,0.0000
뾵,ppyonj,0.0000
뾶,ppyonh,0.0000
뾷,ppyot,0.0000
뾸,ppyol,0.0000
뾹,ppyolk,0.0000
뾺,ppyolm,0.0000
뾻,ppyolb,0.0000
뾼,ppyols,0.0000
뾽,ppyolt,0.0000
뾾,ppyolp,0.0000
뾿,ppyolh,0.0000
뿀,ppyom,0.0000
뿁,ppyop,0.0000
뿂,ppyops,0.0000
뿃,ppyot,0.0000
뿄,ppyot,0.0000
뿅,ppyong,0.0000
뿆,ppyot,0.0000
뿇,ppyot,0.0000
뿈,ppyok,0.0000
뿉,ppyot,0.0000
뿊,ppyop,0.0000
뿋,ppyot,0.0000
뿌,ppu,0.0000
뿍,ppuk,0.0000
뿎,ppuk,0.0000
뿏,ppuks,0.0000
뿐,ppun,0.0000
뿑,ppunj,0.0000
뿒,ppunh,0.0000
뿓,pput,0.0000
뿔,ppul,0.0000
뿕,ppulk,0.0000
뿖,ppulm,0.0000
뿗,ppulb,0.0000
뿘,ppuls,0.0000
뿙,ppult,0.0000
뿚,ppulp,0.0000
뿛,ppulh,0.0000
뿜,ppum,0.0000
뿝,ppup,0.0000
뿞,ppups,0.0000
뿟,pput,0.0000
뿠,pput,0.0000
뿡,ppung,0.0000
뿢,pput,0.0000
뿣,pput,0.0000
뿤,ppuk,0.0000
뿥,pput,0.0000
뿦,ppup,0.0000
뿧,pput,0.0000
뿨,ppwo,0.0000
뿩,ppwok,0.0000
뿪,ppwok,0.0000
뿫,ppwoks,0.0000
뿬,ppwon,0.0000
뿭,ppwonj,0.0000
뿮,ppwonh,0.0000
뿯,ppwot,0.0000
뿰,ppwol,0.0000
뿱,ppwolk,0.0000
뿲,ppwolm,0.0000
뿳,ppwolb,0.0000
뿴,ppwols,0.0000
뿵,ppwolt,0.0000
뿶,ppwolp,0.0000
뿷,ppwolh,0.0000
뿸,ppwom,0.0000
뿹,ppwop,0.0000
뿺,ppwops,0.0000
뿻,ppwot,0.0000
뿼,ppwot,0.0000
뿽,ppwong,0.0000
뿾,ppwot,0.0000
뿿,ppwot,0.0000
쀀,ppwok,0.0000
쀁,ppwot,0.0000
쀂,ppwop,0.0000
쀃,ppwot,0.0000
쀄,ppwe,0.0000
쀅,ppwek,0.0000
쀆,ppwek,0.0000
쀇,ppweks,0.0000
쀈,ppwen,0.0000
쀉,ppwenj,0.0000
쀊,ppwenh,0.0000
쀋,ppwet,0.0000
쀌,ppwel,0.0000
쀍,ppwelk,0.0000
쀎,ppwelm,0.0000
쀏,ppwelb,0.0000
쀐,ppwels,0.0000
쀑,ppwelt,0.0000
쀒,ppwelp,0.0000
쀓,ppwelh,0.0000
쀔,ppwem,0.0000
쀕,ppwep,0.0000
쀖,ppweps,0.0000
쀗,ppwet,0.0000
쀘,ppwet,0.0000
쀙,ppweng,0.0000
쀚,ppwet,0.0000
쀛,ppwet,0.0000
쀜,ppwek,0.0000
쀝,ppwet,0.0000
쀞,ppwep,0.0000
쀟,ppwet,0.0000
쀠,ppwi,0.0000
쀡,ppwik,0.0000
쀢,ppwik,0.0000
쀣,ppwiks,0.0000
쀤,ppwin,0.0000
쀥,ppwinj,0.0000
쀦,ppwinh,0.0000
쀧,ppwit,0.0000
쀨,ppwil,0.0000
쀩,ppwilk,0.0000
쀪,ppwilm,0.0000
쀫,ppwilb,0.0000
쀬,ppwils,0.0000
쀭,ppwilt,0.0000
쀮,ppwilp,0.0000
쀯,ppwilh,0.0000
쀰,ppwim,0.0000
쀱,ppwip,0.0000
쀲,ppwips,0.0000
쀳,ppwit,0.0000
쀴,ppwit,0.0000
쀵,ppwing,0.0000
쀶,ppwit,0.0000
쀷,ppwit,0.0000
쀸,ppwik,0.0000
쀹,ppwit,0.0000
쀺,ppwip,0.0000
쀻,ppwit,0.0000
쀼,ppyu,0.0000
쀽,ppyuk,0.0000
쀾,ppyuk,0.0000
쀿,ppyuks,0.0000
쁀,ppyun,0.0000
쁁,ppyunj,0.0000
쁂,ppyunh,0.0000
쁃,ppyut,0.0000
쁄,ppyul,0.0000
쁅,ppyulk,0.0000
쁆,ppyulm,0.0000
쁇,ppyulb,0.0000
쁈,ppyuls,0.0000
쁉,ppyult,0.0000
쁊,ppyulp,0.0000
쁋,ppyulh,0.0000
쁌,ppyum,0.0000
쁍,ppyup,0.0000
쁎,ppyups,0.0000
쁏,ppyut,0.0000
쁐,ppyut,0.0000
쁑,ppyung,0.0000
쁒,ppyut,0.0000
쁓,ppyut,0.0000
쁔,ppyuk,0.0000
쁕,ppyut,0.0000
쁖,ppyup,0.0000
쁗,ppyut,0.0000
쁘,ppeu,0.0000
쁙,ppeuk,0.0000
쁚,ppeuk,0.0000
쁛,ppeuks,0.0000
쁜,ppeun,0.0000
쁝,ppeunj,0.0000
쁞,ppeunh,0.0000
쁟,ppeut,0.0000
쁠,ppeul,0.0000
쁡,ppeulk,0.0000
쁢,ppeulm,0.0000
쁣,ppeulb,0.0000
쁤,ppeuls,0.0000
쁥,ppeult,0.0000
쁦,ppeulp,0.0000
쁧,ppeulh,0.0000
쁨,ppeum,0.0000
쁩,ppeup,0.0000
쁪,ppeups,0.0000
쁫,ppeut,0.0000
쁬,ppeut,0.0000
쁭,ppeung,0.0000
쁮,ppeut,0.0000
쁯,ppeut,0.0000
쁰,ppeuk,0.0000
쁱,ppeut,0.0000
쁲,ppeup,0.0000
쁳,ppeut,0.0000
쁴,ppui,0.0000
쁵,ppuik,0.0000
쁶,ppuik,0.0000
쁷,ppuiks,0.0000
쁸,ppuin,0.0000
쁹,ppuinj,0.0000
쁺,ppuinh,0.0000
쁻,ppuit,0.0000
쁼,ppuil,0.0000
쁽,ppuilk,0.0000
쁾,ppuilm,0.0000
쁿,ppuilb,0.0000
삀,ppuils,0.0000
삁,ppuilt,0.0000
삂,ppuilp,0.0000
삃,ppuilh,0.0000
삄,ppuim,0.0000
삅,ppuip,0.0000
삆,ppuips,0.0000
삇,ppuit,0.0000
삈,ppuit,0.0000
삉,ppuing,0.0000
삊,ppuit,0.0000
삋,ppuit,0.0000
삌,ppuik,0.0000
삍,ppuit,0.0000
삎,ppuip,0.0000
삏,ppuit,0.0000
삐,ppi,0.0000
삑,ppik,0.0000
삒,ppik,0.0000
삓,ppiks,0.0000
삔,ppin,0.0000
삕,ppinj,0.0000
삖,ppinh,0.0000
삗,ppit,0.0000
삘,ppil,0.0000
삙,ppilk,0.0000
삚,ppilm,0.0000
삛,ppilb,0.0000
삜,ppils,0.0000
삝,ppilt,0.0000
삞,ppilp,0.0000
삟,ppilh,0.0000
삠,ppim,0.0000
삡,ppip,0.0000
삢,ppips,0.0000
삣,ppit,0.0000
삤,ppit,0.0000
삥,pping,0.0000
삦,ppit,0.0000
삧,ppit,0.0000
삨,ppik,0.0000
삩,ppit,0.0000
삪,ppip,0.0000
삫,ppit,0.0000
사,sa,0.0000
삭,sak,0.0000
삮,sak,0.0000
삯,saks,0.0000
산,san,0.0000
삱,sanj,0.0000
삲,sanh,0.0000
삳,sat,0.0000
살,sal,0.0000
삵,salk,0.0000
삶,salm,0.0000
삷,salb,0.0000
삸,sals,0.0000
삹,salt,0.0000
삺,salp,0.0000
삻,salh,0.0000
삼,sam,0.0000
삽,sap,0.0000
삾,saps,0.0000
삿,sat,0.0000
샀,sat,0.0000
상,sang,0.0000
샂,sat,0.0000
샃,sat,0.0000
샄,sak,0.0000
샅,sat,0.0000
샆,sap,0.0000
샇,sat,0.0000
새,sae,0.0000
색,saek,0.0000
샊,saek,0.0000
샋,saeks,0.0000
샌,saen,0.0000
샍,saenj,0.0000
샎,saenh,0.0000
샏,saet,0.0000
샐,sael,0.0000
샑,saelk,0.0000
샒,saelm,0.0000
샓,saelb,0.0000
샔,saels,0.0000
샕,saelt,0.0000
샖,saelp,0.0000
샗,saelh,0.0000
샘,saem,0.0000
샙,saep,0.0000
샚,saeps,0.0000
샛,saet,0.0000
샜,saet,0.0000
생,saeng,0.0000
샞,saet,0.0000
샟,saet,0.0000
샠,saek,0.0000
샡,saet,0.0000
샢,saep,0.0000
샣,saet,0.0000
샤,sya,0.0000
샥,syak,0.0000
샦,syak,0.0000
샧,syaks,0.0000
샨,syan,0.0000
샩,syanj,0.0000
샪,syanh,0.0000
샫,syat,0.0000
샬,syal,0.0000
샭,syalk,0.0000
샮,syalm,0.0000
샯,syalb,0.0000
샰,syals,0.0000
샱,syalt,0.0000
샲,syalp,0.0000
샳,syalh,0.0000
샴,syam,0.0000
샵,syap,0.0000
샶,syaps,0.0000
샷,syat,0.0000
샸,syat,0.0000
샹,syang,0.0000
샺,syat,0.0000
샻,syat,0.0000
샼,syak,0.0000
샽,syat,0.0000
샾,syap,0.0000
샿,syat,0.0000
섀,syae,0.0000
섁,syaek,0.0000
섂,syaek,0.0000
섃,syaeks,0.0000
섄,syaen,0.0000
섅,syaenj,0.0000
섆,syaenh,0.0000
섇,syaet,0.0000
섈,syael,0.0000
섉,syaelk,0.0000
섊,syaelm,0.0000
섋,syaelb,0.0000
섌,syaels,0.0000
섍,syaelt,0.0000
섎,syaelp,0.0000
섏,syaelh,0.0000
섐,syaem,0.0000
섑,syaep,0.0000
섒,syaeps,0.0000
섓,syaet,0.0000
섔,syaet,0.0000
섕,syaeng,0.0000
섖,syaet,0.0000
섗,syaet,0.0000
섘,syaek,0.0000
섙,syaet,0.0000
섚,syaep,0.0000
섛,syaet,0.0000
서,seo,0.0000
석,seok,-0.4000
섟,seoks,0.0000
선,seon,0.0000
섡,seonj,0.0000
섢,seonh,0.0000
섣,seot,0.0000
설,seol,0.0000
섥,seolk,0.0000
섦,seolm,0.0000
섧,seolb,0.0000
섨,seols,0.0000
섩,seolt,0.0000
섪,seolp,0.0000
섫,seolh,0.0000
섬,seom,0.0000
섭,seop,0.0000
섮,seops,0.0000
섯,seot,0.0000
섰,seot,0.0000
성,seong,0.0000
섲,seot,0.0000
섳,seot,0.0000
섵,seot,0.0000
섶,seop,0.0000
섷,seot,0.0000
세,se,0.0000
섹,sek,0.0000
섺,sek,0.0000
섻,seks,0.0000
센,sen,0.0000
섽,senj,0.0000
섾,senh,0.0000
섿,set,0.0000
셀,sel,0.0000
셁,selk,0.0000
셂,selm,0.0000
셃,selb,0.0000
셄,sels,0.0000
셅,selt,0.0000
셆,selp,0.0000
셇,selh,0.0000
셈,sem,0.0000
셉,sep,0.0000
셊,seps,0.0000
셋,set,0.0000
셌,set,0.0000
셍,seng,0.0000
셎,set,0.0000
셏,set,0.0000
셐,sek,0.0000
셑,set,0.0000
셒,sep,0.0000
셓,set,0.0000
셔,syeo,0.0000
셕,syeok,0.0000
셖,syeok,0.0000
셗,syeoks,0.0000
션,syeon,0.0000
셙,syeonj,0.0000
셚,syeonh,0.0000
셛,syeot,0.0000
셜,syeol,0.0000
셝,syeolk,0.0000
셞,syeolm,0.0000
셟,syeolb,0.0000
셠,syeols,0.0000
셡,syeolt,0.0000
셢,syeolp,0.0000
셣,syeolh,0.0000
셤,syeom,0.0000
셥,syeop,0.0000
셦,syeops,0.0000
셧,syeot,0.0000
셨,syeot,0.0000
셩,syeong,0.0000
셪,syeot,0.0000
셫,syeot,0.0000
셬,syeok,0.0000
셭,syeot,0.0000
셮,syeop,0.0000
셯,syeot,0.0000
셰,sye,0.0000
셱,syek,0.0000
셲,syek,0.0000
셳,syeks,0.0000
셴,syen,0.0000
셵,syenj,0.0000
셶,syenh,0.0000
셷,syet,0.0000
셸,syel,0.0000
셹,syelk,0.0000
셺,syelm,0.0000
셻,syelb,0.0000
셼,syels,0.0000
셽,syelt,0.0000
셾,syelp,0.0000
셿,syelh,0.0000
솀,syem,0.0000
솁,syep,0.0000
솂,syeps,0.0000
솃,syet,0.0000
솄,syet,0.0000
솅,syeng,0.0000
솆,syet,0.0000
솇,syet,0.0000
솈,syek,0.0000
솉,syet,0.0000
솊,syep,0.0000
솋,syet,0.0000
소,so,0.0000
속,sok,0.0000
솎,sok,0.0000
솏,soks,0.0000
손,son,0.0000
솑,sonj,0.0000
솒,sonh,0.0000
솓,sot,0.0000
솔,sol,0.0000
솕,solk,0.0000
솖,solm,0.0000
솗,solb,0.0000
솘,sols,0.0000
솙,solt,0.0000
솚,solp,0.0000
솛,solh,0.0000
솜,som,0.0000
솝,sop,0.0000
솞,sops,0.0000
솟,sot,0.0000
솠,sot,0.0000
송,song,0.0000
솢,sot,0.0000
솣,sot,0.0000
솤,sok,0.0000
솥,sot,0.0000
솦,sop,0.0000
솧,sot,0.0000
솨,swa,0.0000
솩,swak,0.0000
솪,swak,0.0000
솫,swaks,0.0000
솬,swan,0.0000
솭,swanj,0.0000
솮,swanh,0.0000
솯,swat,0.0000
솰,swal,0.0000
솱,swalk,0.0000
솲,swalm,0.0000
솳,swalb,0.0000
솴,swals,0.0000
솵,swalt,0.0000
솶,swalp,0.0000
솷,swalh,0.0000
솸,swam,0.0000
솹,swap,0.0000
솺,swaps,0.0000
솻,swat,0.0000
솼,swat,0.0000
솽,swang,0.0000
솾,swat,0.0000
솿,swat,0.0000
쇀,swak,0.0000
쇁,swat,0.0000
쇂,swap,0.0000
쇃,swat,0.0000
쇄,swae,0.0000
쇅,swaek,0.0000
쇆,swaek,0.0000
쇇,swaeks,0.0000
쇈,swaen,0.0000
쇉,swaenj,0.0000
쇊,swaenh,0.0000
쇋,swaet,0.0000
쇌,swael,0.0000
쇍,swaelk,0.0000
쇎,swaelm,0.0000
쇏,swaelb,0.0000
쇐,swaels,0.0000
쇑,swaelt,0.0000
쇒,swaelp,0.0000
쇓,swaelh,0.0000
쇔,swaem,0.0000
쇕,swaep,0.0000
쇖,swaeps,0.0000
쇗,swaet,0.0000
쇘,swaet,0.0000
쇙,swaeng,0.0000
쇚,swaet,0.0000
쇛,swaet,0.0000
쇜,swaek,0.0000
쇝,swaet,0.0000
쇞,swaep,0.0000
쇟,swaet,0.0000
쇠,soe,0.0000
쇡,soek,0.0000
쇢,soek,0.0000
쇣,soeks,0.0000
쇤,soen,0.0000
쇥,soenj,0.0000
쇦,soenh,0.0000
쇧,soet,0.0000
쇨,soel,0.0000
쇩,soelk,0.0000
쇪,soelm,0.0000
쇫,soelb,0.0000
쇬,soels,0.0000
쇭,soelt,0.0000
쇮,soelp,0.0000
쇯,soelh,0.0000
쇰,soem,0.0000
쇱,soep,0.0000
쇲,soeps,0.0000
쇳,soet,0.0000
쇴,soet,0.0000
쇵,soeng,0.0000
쇶,soet,0.0000
쇷,soet,0.0000
쇸,soek,0.0000
쇹,soet,0.0000
쇺,soep,0.0000
쇻,soet,0.0000
쇼,syo,0.0000
쇽,syok,0.0000
쇾,syok,0.0000
쇿,syoks,0.0000
숀,syon,0.0000
숁,syonj,0.0000
숂,syonh,0.0000
숃,syot,0.0000
숄,syol,0.0000
숅,syolk,0.0000
숆,syolm,0.0000
숇,syolb,0.0000
숈,syols,0.0000
숉,syolt,0.0000
숊,syolp,0.0000
숋,syolh,0.0000
숌,syom,0.0000
숍,syop,0.0000
숎,syops,0.0000
숏,syot,0.0000
숐,syot,0.0000
숑,syong,0.0000
숒,syot,0.0000
숓,syot,0.0000
숔,syok,0.0000
숕,syot,0.0000
숖,syop,0.0000
숗,syot,0.0000
수,su,0.0000
숙,suk,0.9810
숚,suk,0.0000
숛,suks,0.0000
숝,sunj,0.0000
숞,sunh,0.0000
숟,sut,0.0000
술,sul,0.0000
숡,sulk,0.0000
숢,sulm,0.0000
숣,sulb,0.0000
숤,suls,0.0000
숥,sult,0.0000
숦,sulp,0.0000
숧,sulh,0.0000
숨,sum,0.0000
숪,sups,0.0000
숫,sut,0.0000
숬,sut,0.0000
숮,sut,0.0000
숯,sut,0.0000
석,suk,-0.2230
숱,sut,0.0000
숳,sut,0.0000
숴,swo,0.0000
숵,swok,0.0000
숶,swok,0.0000
숷,swoks,0.0000
숸,swon,0.0000
숹,swonj,0.0000
숺,swonh,0.0000
숻,swot,0.0000
숼,swol,0.0000
숽,swolk,0.0000
숾,swolm,0.0000
숿,swolb,0.0000
쉀,swols,0.0000
쉁,swolt,0.0000
쉂,swolp,0.0000
쉃,swolh,0.0000
쉄,swom,0.0000
쉅,swop,0.0000
쉆,swops,0.0000
쉇,swot,0.0000
쉈,swot,0.0000
쉉,swong,0.0000
쉊,swot,0.0000
쉋,swot,0.0000
쉌,swok,0.0000
쉍,swot,0.0000
쉎,swop,0.0000
쉏,swot,0.0000
쉐,swe,0.0000
쉑,swek,0.0000
쉒,swek,0.0000
쉓,sweks,0.0000
쉔,swen,0.0000
쉕,swenj,0.0000
쉖,swenh,0.0000
쉗,swet,0.0000
쉘,swel,0.0000
쉙,swelk,0.0000
쉚,swelm,0.0000
쉛,swelb,0.0000
쉜,swels,0.0000
쉝,swelt,0.0000
쉞,swelp,0.0000
쉟,swelh,0.0000
쉠,swem,0.0000
쉡,swep,0.0000
쉢,sweps,0.0000
쉣,swet,0.0000
쉤,swet,0.0000
쉥,sweng,0.0000
쉦,swet,0.0000
쉧,swet,0.0000
쉨,swek,0.0000
쉩,swet,0.0000
쉪,swep,0.0000
쉫,swet,0.0000
쉬,swi,0.0000
쉭,swik,0.0000
쉮,swik,0.0000
쉯,swiks,0.0000
쉰,swin,0.0000
쉱,swinj,0.0000
쉲,swinh,0.0000
쉳,swit,0.0000
쉴,swil,0.0000
쉵,swilk,0.0000
쉶,swilm,0.0000
쉷,swilb,0.0000
쉸,swils,0.0000
쉹,swilt,0.0000
쉺,swilp,0.0000
쉻,swilh,0.0000
쉼,swim,0.0000
쉽,swip,0.0000
쉾,swips,0.0000
쉿,swit,0.0000
슀,swit,0.0000
슁,swing,0.0000
슂,swit,0.0000
슃,swit,0.0000
슄,swik,0.0000
슅,swit,0.0000
슆,swip,0.0000
슇,swit,0.0000
슈,syu,0.0000
슉,syuk,0.0000
슊,syuk,0.0000
슋,syuks,0.0000
슌,syun,0.0000
슍,syunj,0.0000
슎,syunh,0.0000
슏,syut,0.0000
슐,syul,0.0000
슑,syulk,0.0000
슒,syulm,0.0000
슓,syulb,0.0000
슔,syuls,0.0000
슕,syult,0.0000
슖,syulp,0.0000
슗,syulh,0.0000
슘,syum,0.0000
슙,syup,0.0000
슚,syups,0.0000
슛,syut,0.0000
슜,syut,0.0000
슝,syung,0.0000
슞,syut,0.0000
슟,syut,0.0000
슠,syuk,0.0000
슡,syut,0.0000
슢,syup,0.0000
슣,syut,0.0000
스,seu,0.0000
슥,seuk,0.0000
슦,seuk,0.0000
슧,seuks,0.0000
슨,seun,0.0000
슩,seunj,0.0000
슪,seunh,0.0000
슫,seut,0.0000
슬,seul,0.0000
슭,seulk,0.0000
슮,seulm,0.0000
슯,seulb,0.0000
슰,seuls,0.0000
슱,seult,0.0000
슲,seulp,0.0000
슳,seulh,0.0000
슴,seum,0.0000
습,seup,0.0000
슶,seups,0.0000
슷,seut,0.0000
슸,seut,0.0000
승,seung,0.0000
슺,seut,0.0000
슻,seut,0.0000
슼,seuk,0.0000
슽,seut,0.0000
슾,seup,0.0000
슿,seut,0.0000
싀,sui,0.0000
싁,suik,0.0000
싂,suik,0.0000
싃,suiks,0.0000
싄,suin,0.0000
싅,suinj,0.0000
싆,suinh,0.0000
싇,suit,0.0000
싈,suil,0.0000
싉,suilk,0.0000
싊,suilm,0.0000
싋,suilb,0.0000
싌,suils,0.0000
싍,suilt,0.0000
싎,suilp,0.0000
싏,suilh,0.0000
싐,suim,0.0000
싑,suip,0.0000
싒,suips,0.0000
싓,suit,0.0000
싔,suit,0.0000
싕,suing,0.0000
싖,suit,0.0000
싗,suit,0.0000
싘,suik,0.0000
싙,suit,0.0000
싚,suip,0.0000
싛,suit,0.0000
시,si,0.0000
식,sik,0.0000
싞,sik,0.0000
싟,siks,0.0000
싡,sinj,0.0000
싢,sinh,0.0000
싣,sit,0.0000
실,sil,0.0000
싥,silk,0.0000
싦,silm,0.0000
싧,silb,0.0000
싨,sils,0.0000
싩,silt,0.0000
싪,silp,0.0000
싫,silh,0.0000
심,sim,0.0000
십,sip,0.0000
싮,sips,0.0000
싯,sit,0.0000
싰,sit,0.0000
싱,sing,0.0000
싲,sit,0.0000
싳,sit,0.0000
싴,sik,0.0000
싵,sit,0.0000
싶,sip,0.0000
싷,sit,0.0000
싸,ssa,0.0000
싹,ssak,0.0000
싺,ssak,0.0000
싻,ssaks,0.0000
싼,ssan,0.0000
싽,ssanj,0.0000
싾,ssanh,0.0000
싿,ssat,0.0000
쌀,ssal,0.0000
쌁,ssalk,0.0000
쌂,ssalm,0.0000
쌃,ssalb,0.0000
쌄,ssals,0.0000
쌅,ssalt,0.0000
쌆,ssalp,0.0000
쌇,ssalh,0.0000
쌈,ssam,0.0000
쌉,ssap,0.0000
쌊,ssaps,0.0000
쌋,ssat,0.0000
쌌,ssat,0.0000
쌍,ssang,0.0000
쌎,ssat,0.0000
쌏,ssat,0.0000
쌐,ssak,0.0000
쌑,ssat,0.0000
쌒,ssap,0.0000
쌓,ssat,0.0000
쌔,ssae,0.0000
쌕,ssaek,0.0000
쌖,ssaek,0.0000
쌗,ssaeks,0.0000
쌘,ssaen,0.0000
쌙,ssaenj,0.0000
쌚,ssaenh,0.0000
쌛,ssaet,0.0000
쌜,ssael,0.0000
쌝,ssaelk,0.0000
쌞,ssaelm,0.0000
쌟,ssaelb,0.0000
쌠,ssaels,0.0000
쌡,ssaelt,0.0000
쌢,ssaelp,0.0000
쌣,ssaelh,0.0000
쌤,ssaem,0.0000
쌥,ssaep,0.0000
쌦,ssaeps,0.0000
쌧,ssaet,0.0000
쌨,ssaet,0.0000
쌩,ssaeng,0.0000
쌪,ssaet,0.0000
쌫,ssaet,0.0000
쌬,ssaek,0.0000
쌭,ssaet,0.0000
쌮,ssaep,0.0000
쌯,ssaet,0.0000
쌰,ssya,0.0000
쌱,ssyak,0.0000
쌲,ssyak,0.0000
쌳,ssyaks,0.0000
쌴,ssyan,0.0000
쌵,ssyanj,0.0000
쌶,ssyanh,0.0000
쌷,ssyat,0.0000
쌸,ssyal,0.0000
쌹,ssyalk,0.0000
쌺,ssyalm,0.0000
쌻,ssyalb,0.0000
쌼,ssyals,0.0000
쌽,ssyalt,0.0000
쌾,ssyalp,0.0000
쌿,ssyalh,0.0000
썀,ssyam,0.0000
썁,ssyap,0.0000
썂,ssyaps,0.0000
썃,ssyat,0.0000
썄,ssyat,0.0000
썅,ssyang,0.0000
썆,ssyat,0.0000
썇,ssyat,0.0000
썈,ssyak,0.0000
썉,ssyat,0.0000
썊,ssyap,0.0000
썋,ssyat,0.0000
썌,ssyae,0.0000
썍,ssyaek,0.0000
썎,ssyaek,0.0000
썏,ssyaeks,0.0000
썐,ssyaen,0.0000
썑,ssyaenj,0.0000
썒,ssyaenh,0.0000
썓,ssyaet,0.0000
썔,ssyael,0.0000
썕,ssyaelk,0.0000
썖,ssyaelm,0.0000
썗,ssyaelb,0.0000
썘,ssyaels,0.0000
썙,ssyaelt,0.0000
썚,ssyaelp,0.0000
썛,ssyaelh,0.0000
썜,ssyaem,0.0000
썝,ssyaep,0.0000
썞,ssyaeps,0.0000
썟,ssyaet,0.0000
썠,ssyaet,0.0000
썡,ssyaeng,0.0000
썢,ssyaet,0.0000
썣,ssyaet,0.0000
썤,ssyaek,0.0000
썥,ssyaet,0.0000
썦,ssyaep,0.0000
썧,ssyaet,0.0000
써,sseo,0.0000
썩,sseok,0.0000
썪,sseok,0.0000
썫,sseoks,0.0000
썬,sseon,0.0000
썭,sseonj,0.0000
썮,sseonh,0.0000
썯,sseot,0.0000
썰,sseol,0.0000
썱,sseolk,0.0000
썲,sseolm,0.0000
썳,sseolb,0.0000
썴,sseols,0.0000
썵,sseolt,0.0000
썶,sseolp,0.0000
썷,sseolh,0.0000
썸,sseom,0.0000
썹,sseop,0.0000
썺,sseops,0.0000
썻,sseot,0.0000
썼,sseot,0.0000
썽,sseong,0.0000
썾,sseot,0.0000
썿,sseot,0.0000
쎀,sseok,0.0000
쎁,sseot,0.0000
쎂,sseop,0.0000
쎃,sseot,0.0000
쎄,sse,0.0000
쎅,ssek,0.0000
쎆,ssek,0.0000
쎇,sseks,0.0000
쎈,ssen,0.0000
쎉,ssenj,0.0000
쎊,ssenh,0.0000
쎋,sset,0.0000
쎌,ssel,0.0000
쎍,sselk,0.0000
쎎,sselm,0.0000
쎏,sselb,0.0000
쎐,ssels,0.0000
쎑,sselt,0.0000
쎒,sselp,0.0000
쎓,sselh,0.0000
쎔,ssem,0.0000
쎕,ssep,0.0000
쎖,sseps,0.0000
쎗,sset,0.0000
쎘,sset,0.0000
쎙,sseng,0.0000
쎚,sset,0.0000
쎛,sset,0.0000
쎜,ssek,0.0000
쎝,sset,0.0000
쎞,ssep,0.0000
쎟,sset,0.0000
쎠,ssyeo,0.0000
쎡,ssyeok,0.0000
쎢,ssyeok,0.0000
쎣,ssyeoks,0.0000
쎤,ssyeon,0.0000
쎥,ssyeonj,0.0000
쎦,ssyeonh,0.0000
쎧,ssyeot,0.0000
쎨,ssyeol,0.0000
쎩,ssyeolk,0.0000
쎪,ssyeolm,0.0000
쎫,ssyeolb,0.0000
쎬,ssyeols,0.0000
쎭,ssyeolt,0.0000
쎮,ssyeolp,0.0000
쎯,ssyeolh,0.0000
쎰,ssyeom,0.0000
쎱,ssyeop,0.0000
쎲,ssyeops,0.0000
쎳,ssyeot,0.0000
쎴,ssyeot,0.0000
쎵,ssyeong,0.0000
쎶,ssyeot,0.0000
쎷,ssyeot,0.0000
쎸,ssyeok,0.0000
쎹,ssyeot,0.0000
쎺,ssyeop,0.0000
쎻,ssyeot,0.0000
쎼,ssye,0.0000
쎽,ssyek,0.0000
쎾,ssyek,0.0000
쎿,ssyeks,0.0000
쏀,ssyen,0.0000
쏁,ssyenj,0.0000
쏂,ssyenh,0.0000
쏃,ssyet,0.0000
쏄,ssyel,0.0000
쏅,ssyelk,0.0000
쏆,ssyelm,0.0000
쏇,ssyelb,0.0000
쏈,ssyels,0.0000
쏉,ssyelt,0.0000
쏊,ssyelp,0.0000
쏋,ssyelh,0.0000
쏌,ssyem,0.0000
쏍,ssyep,0.0000
쏎,ssyeps,0.0000
쏏,ssyet,0.0000
쏐,ssyet,0.0000
쏑,ssyeng,0.0000
쏒,ssyet,0.0000
쏓,ssyet,0.0000
쏔,ssyek,0.0000
쏕,ssyet,0.0000
쏖,ssyep,0.0000
쏗,ssyet,0.0000
쏘,sso,0.0000
쏙,ssok,0.0000
쏚,ssok,0.0000
쏛,ssoks,0.0000
쏜,sson,0.0000
쏝,ssonj,0.0000
쏞,ssonh,0.0000
쏟,ssot,0.0000
쏠,ssol,0.0000
쏡,ssolk,0.0000
쏢,ssolm,0.0000
쏣,ssolb,0.0000
쏤,ssols,0.0000
쏥,ssolt,0.0000
쏦,ssolp,0.0000
쏧,ssolh,0.0000
쏨,ssom,0.0000
쏩,ssop,0.0000
쏪,ssops,0.0000
쏫,ssot,0.0000
쏬,ssot,0.0000
쏭,ssong,0.0000
쏮,ssot,0.0000
쏯,ssot,0.0000
쏰,ssok,0.0000
쏱,ssot,0.0000
쏲,ssop,0.0000
쏳,ssot,0.0000
쏴,sswa,0.0000
쏵,sswak,0.0000
쏶,sswak,0.0000
쏷,sswaks,0.0000
쏸,sswan,0.0000
쏹,sswanj,0.0000
쏺,sswanh,0.0000
쏻,sswat,0.0000
쏼,sswal,0.0000
쏽,sswalk,0.0000
쏾,sswalm,0.0000
쏿,sswalb,0.0000
쐀,sswals,0.0000
쐁,sswalt,0.0000
쐂,sswalp,0.0000
쐃,sswalh,0.0000
쐄,sswam,0.0000
쐅,sswap,0.0000
쐆,sswaps,0.0000
쐇,sswat,0.0000
쐈,sswat,0.0000
쐉,sswang,0.0000
쐊,sswat,0.0000
쐋,sswat,0.0000
쐌,sswak,0.0000
쐍,sswat,0.0000
쐎,sswap,0.0000
쐏,sswat,0.0000
쐐,sswae,0.0000
쐑,sswaek,0.0000
쐒,sswaek,0.0000
쐓,sswaeks,0.0000
쐔,sswaen,0.0000
쐕,sswaenj,0.0000
쐖,sswaenh,0.0000
쐗,sswaet,0.0000
쐘,sswael,0.0000
쐙,sswaelk,0.0000
쐚,sswaelm,0.0000
쐛,sswaelb,0.0000
쐜,sswaels,0.0000
쐝,sswaelt,0.0000
쐞,sswaelp,0.0000
쐟,sswaelh,0.0000
쐠,sswaem,0.0000
쐡,sswaep,0.0000
쐢,sswaeps,0.0000
쐣,sswaet,0.0000
쐤,sswaet,0.0000
쐥,sswaeng,0.0000
쐦,sswaet,0.0000
쐧,sswaet,0.0000
쐨,sswaek,0.0000
쐩,sswaet,0.0000
쐪,sswaep,0.0000
쐫,sswaet,0.0000
쐬,ssoe,0.0000
쐭,ssoek,0.0000
쐮,ssoek,0.0000
쐯,ssoeks,0.0000
쐰,ssoen,0.0000
쐱,ssoenj,0.0000
쐲,ssoenh,0.0000
쐳,ssoet,0.0000
쐴,ssoel,0.0000
쐵,ssoelk,0.0000
쐶,ssoelm,0.0000
쐷,ssoelb,0.0000
쐸,ssoels,0.0000
쐹,ssoelt,0.0000
쐺,ssoelp,0.0000
쐻,ssoelh,0.0000
쐼,ssoem,0.0000
쐽,ssoep,0.0000
쐾,ssoeps,0.0000
쐿,ssoet,0.0000
쑀,ssoet,0.0000
쑁,ssoeng,0.0000
쑂,ssoet,0.0000
쑃,ssoet,0.0000
쑄,ssoek,0.0000
쑅,ssoet,0.0000
쑆,ssoep,0.0000
쑇,ssoet,0.0000
쑈,ssyo,0.0000
쑉,ssyok,0.0000
쑊,ssyok,0.0000
쑋,ssyoks,0.0000
쑌,ssyon,0.0000
쑍,ssyonj,0.0000
쑎,ssyonh,0.0000
쑏,ssyot,0.0000
쑐,ssyol,0.0000
쑑,ssyolk,0.0000
쑒,ssyolm,0.0000
쑓,ssyolb,0.0000
쑔,ssyols,0.0000
쑕,ssyolt,0.0000
쑖,ssyolp,0.0000
쑗,ssyolh,0.0000
쑘,ssyom,0.0000
쑙,ssyop,0.0000
쑚,ssyops,0.0000
쑛,ssyot,0.0000
쑜,ssyot,0.0000
쑝,ssyong,0.0000
쑞,ssyot,0.0000
쑟,ssyot,0.0000
쑠,ssyok,0.0000
쑡,ssyot,0.0000
쑢,ssyop,0.0000
쑣,ssyot,0.0000
쑤,ssu,0.0000
쑥,ssuk,0.0000
쑦,ssuk,0.0000
쑧,ssuks,0.0000
쑨,ssun,0.0000
쑩,ssunj,0.0000
쑪,ssunh,0.0000
쑫,ssut,0.0000
쑬,ssul,0.0000
쑭,ssulk,0.0000
쑮,ssulm,0.0000
쑯,ssulb,0.0000
쑰,ssuls,0.0000
쑱,ssult,0.0000
쑲,ssulp,0.0000
쑳,ssulh,0.0000
쑴,ssum,0.0000
쑵,ssup,0.0000
쑶,ssups,0.0000
쑷,ssut,0.0000
쑸,ssut,0.0000
쑹,ssung,0.0000
쑺,ssut,0.0000
쑻,ssut,0.0000
쑼,ssuk,0.0000
쑽,ssut,0.0000
쑾,ssup,0.0000
쑿,ssut,0.0000
쒀,sswo,0.0000
쒁,sswok,0.0000
쒂,sswok,0.0000
쒃,sswoks,0.0000
쒄,sswon,0.0000
쒅,sswonj,0.0000
쒆,sswonh,0.0000
쒇,sswot,0.0000
쒈,sswol,0.0000
쒉,sswolk,0.0000
쒊,sswolm,0.0000
쒋,sswolb,0.0000
쒌,sswols,0.0000
쒍,sswolt,0.0000
쒎,sswolp,0.0000
쒏,sswolh,0.0000
쒐,sswom,0.0000
쒑,sswop,0.0000
쒒,sswops,0.0000
쒓,sswot,0.0000
쒔,sswot,0.0000
쒕,sswong,0.0000
쒖,sswot,0.0000
쒗,sswot,0.0000
쒘,sswok,0.0000
쒙,sswot,0.0000
쒚,sswop,0.0000
쒛,sswot,0.0000
쒜,sswe,0.0000
쒝,sswek,0.0000
쒞,sswek,0.0000
쒟,ssweks,0.0000
쒠,sswen,0.0000
쒡,sswenj,0.0000
쒢,sswenh,0.0000
쒣,sswet,0.0000
쒤,sswel,0.0000
쒥,sswelk,0.0000
쒦,sswelm,0.0000
쒧,sswelb,0.0000
쒨,sswels,0.0000
쒩,sswelt,0.0000
쒪,sswelp,0.0000
쒫,sswelh,0.0000
쒬,sswem,0.0000
쒭,sswep,0.0000
쒮,ssweps,0.0000
쒯,sswet,0.0000
쒰,sswet,0.0000
쒱,ssweng,0.0000
쒲,sswet,0.0000
쒳,sswet,0.0000
쒴,sswek,0.0000
쒵,sswet,0.0000
쒶,sswep,0.0000
쒷,sswet,0.0000
쒸,sswi,0.0000
쒹,sswik,0.0000
쒺,sswik,0.0000
쒻,sswiks,0.0000
쒼,sswin,0.0000
쒽,sswinj,0.0000
쒾,sswinh,0.0000
쒿,sswit,0.0000
쓀,sswil,0.0000
쓁,sswilk,0.0000
쓂,sswilm,0.0000
쓃,sswilb,0.0000
쓄,sswils,0.0000
쓅,sswilt,0.0000
쓆,sswilp,0.0000
쓇,sswilh,0.0000
쓈,sswim,0.0000
쓉,sswip,0.0000
쓊,sswips,0.0000
쓋,sswit,0.0000
쓌,sswit,0.0000
쓍,sswing,0.0000
쓎,sswit,0.0000
쓏,sswit,0.0000
쓐,sswik,0.0000
쓑,sswit,0.0000
쓒,sswip,0.0000
쓓,sswit,0.0000
쓔,ssyu,0.0000
쓕,ssyuk,0.0000
쓖,ssyuk,0.0000
쓗,ssyuks,0.0000
쓘,ssyun,0.0000
쓙,ssyunj,0.0000
쓚,ssyunh,0.0000
쓛,ssyut,0.0000
쓜,ssyul,0.0000
쓝,ssyulk,0.0000
쓞,ssyulm,0.0000
쓟,ssyulb,0.0000
쓠,ssyuls,0.0000
쓡,ssyult,0.0000
쓢,ssyulp,0.0000
쓣,ssyulh,0.0000
쓤,ssyum,0.0000
쓥,ssyup,0.0000
쓦,ssyups,0.0000
쓧,ssyut,0.0000
쓨,ssyut,0.0000
쓩,ssyung,0.0000
쓪,ssyut,0.0000
쓫,ssyut,0.0000
쓬,ssyuk,0.0000
쓭,ssyut,0.0000
쓮,ssyup,0.0000
쓯,ssyut,0.0000
쓰,sseu,0.0000
쓱,sseuk,0.0000
쓲,sseuk,0.0000
쓳,sseuks,0.0000
쓴,sseun,0.0000
쓵,sseunj,0.0000
쓶,sseunh,0.0000
쓷,sseut,0.0000
쓸,sseul,0.0000
쓹,sseulk,0.0000
쓺,sseulm,0.0000
쓻,sseulb,0.0000
쓼,sseuls,0.0000
쓽,sseult,0.0000
쓾,sseulp,0.0000
쓿,sseulh,0.0000
씀,sseum,0.0000
씁,sseup,0.0000
씂,sseups,0.0000
씃,sseut,0.0000
씄,sseut,0.0000
씅,sseung,0.0000
씆,sseut,0.0000
씇,sseut,0.0000
씈,sseuk,0.0000
씉,sseut,0.0000
씊,sseup,0.0000
씋,sseut,0.0000
씌,ssui,0.0000
씍,ssuik,0.0000
씎,ssuik,0.0000
씏,ssuiks,0.0000
씐,ssuin,0.0000
씑,ssuinj,0.0000
씒,ssuinh,0.0000
씓,ssuit,0.0000
씔,ssuil,0.0000
씕,ssuilk,0.0000
씖,ssuilm,0.0000
씗,ssuilb,0.0000
씘,ssuils,0.0000
씙,ssuilt,0.0000
씚,ssuilp,0.0000
씛,ssuilh,0.0000
씜,ssuim,0.0000
씝,ssuip,0.0000
씞,ssuips,0.0000
씟,ssuit,0.0000
씠,ssuit,0.0000
씡,ssuing,0.0000
씢,ssuit,0.0000
씣,ssuit,0.0000
씤,ssuik,0.0000
씥,ssuit,0.0000
씦,ssuip,0.0000
씧,ssuit,0.0000
씨,ssi,0.0000
씩,ssik,0.0000
씪,ssik,0.0000
씫,ssiks,0.0000
씬,ssin,0.0000
씭,ssinj,0.0000
씮,ssinh,0.0000
씯,ssit,0.0000
씰,ssil,0.0000
씱,ssilk,0.0000
씲,ssilm,0.0000
씳,ssilb,0.0000
씴,ssils,0.0000
씵,ssilt,0.0000
씶,ssilp,0.0000
씷,ssilh,0.0000
씸,ssim,0.0000
씹,ssip,0.0000
씺,ssips,0.0000
씻,ssit,0.0000
씼,ssit,0.0000
씽,ssing,0.0000
씾,ssit,0.0000
씿,ssit,0.0000
앀,ssik,0.0000
앁,ssit,0.0000
앂,ssip,0.0000
앃,ssit,0.0000
아,a,0.0000
악,ak,0.0000
앆,ak,0.0000
앇,aks,0.0000
안,an,0.0000
앉,anj,0.0000
않,anh,0.0000
앋,at,0.0000
알,al,0.0000
앍,alk,0.0000
앎,alm,0.0000
앏,alb,0.0000
앐,als,0.0000
앑,alt,0.0000
앒,alp,0.0000
앓,alh,0.0000
암,am,0.0000
압,ap,0.0000
앖,aps,0.0000
앗,at,0.0000
았,at,0.0000
앙,ang,0.0000
앚,at,0.0000
앛,at,0.0000
앜,ak,0.0000
앝,at,0.0000
앞,ap,0.0000
앟,at,0.0000
애,ae,0.0000
액,aek,0.0000
앢,aek,0.0000
앣,aeks,0.0000
앤,aen,0.0000
앥,aenj,0.0000
앦,aenh,0.0000
앧,aet,0.0000
앨,ael,0.0000
앩,aelk,0.0000
앪,aelm,0.0000
앫,aelb,0.0000
앬,aels,0.0000
앭,aelt,0.0000
앮,aelp,0.0000
앯,aelh,0.0000
앰,aem,0.0000
앱,aep,0.0000
앲,aeps,0.0000
앳,aet,0.0000
앴,aet,0.0000
앵,aeng,0.0000
앶,aet,0.0000
앷,aet,0.0000
앸,aek,0.0000
앹,aet,0.0000
앺,aep,0.0000
앻,aet,0.0000
야,ya,0.0000
약,yak,0.0000
앾,yak,0.0000
앿,yaks,0.0000
얀,yan,0.0000
얁,yanj,0.0000
얂,yanh,0.0000
얃,yat,0.0000
얄,yal,0.0000
얅,yalk,0.0000
얆,yalm,0.0000
얇,yalb,0.0000
얈,yals,0.0000
얉,yalt,0.0000
얊,yalp,0.0000
얋,yalh,0.0000
얌,yam,0.0000
얍,yap,0.0000
얎,yaps,0.0000
얏,yat,0.0000
얐,yat,0.0000
양,yang,0.0000
얒,yat,0.0000
얓,yat,0.0000
얔,yak,0.0000
얕,yat,0.0000
얖,yap,0.0000
얗,yat,0.0000
얘,yae,0.0000
얙,yaek,0.0000
얚,yaek,0.0000
얛,yaeks,0.0000
얜,yaen,0.0000
얝,yaenj,0.0000
얞,yaenh,0.0000
얟,yaet,0.0000
얠,yael,0.0000
얡,yaelk,0.0000
얢,yaelm,0.0000
얣,yaelb,0.0000
얤,yaels,0.0000
얥,yaelt,0.0000
얦,yaelp,0.0000
얧,yaelh,0.0000
얨,yaem,0.0000
얩,yaep,0.0000
얪,yaeps,0.0000
얫,yaet,0.0000
얬,yaet,0.0000
얭,yaeng,0.0000
얮,yaet,0.0000
얯,yaet,0.0000
얰,yaek,0.0000
얱,yaet,0.0000
얲,yaep,0.0000
얳,yaet,0.0000
어,eo,0.0000
억,eok,0.0000
얶,eok,0.0000
얷,eoks,0.0000
언,eon,0.0000
얹,eonj,0.0000
얺,eonh,0.0000
얻,eot,0.0000
얼,eol,0.0000
얽,eolk,0.0000
얾,eolm,0.0000
얿,eolb,0.0000
엀,eols,0.0000
엁,eolt,0.0000
엂,eolp,0.0000
엃,eolh,0.0000
엄,eom,0.0000
업,eop,0.0000
없,eops,0.0000
엇,eot,0.0000
었,eot,0.0000
엉,eong,0.0000
엊,eot,0.0000
엋,eot,0.0000
엌,eok,0.0000
엍,eot,0.0000
엎,eop,0.0000
엏,eot,0.0000
에,e,0.0000
엑,ek,0.0000
엒,ek,0.0000
엓,eks,0.0000
엔,en,0.0000
엕,enj,0.0000
엖,enh,0.0000
엗,et,0.0000
엘,el,0.0000
엙,elk,0.0000
엚,elm,0.0000
엛,elb,0.0000
엜,els,0.0000
엝,elt,0.0000
엞,elp,0.0000
엟,elh,0.0000
엠,em,0.0000
엡,ep,0.0000
엢,eps,0.0000
엣,et,0.0000
엤,et,0.0000
엥,eng,0.0000
엦,et,0.0000
엧,et,0.0000
엨,ek,0.0000
엩,et,0.0000
엪,ep,0.0000
엫,et,0.0000
여,yeo,0.0000
역,yeok,0.0000
엮,yeok,0.0000
엯,yeoks,0.0000
연,yeon,0.0000
엱,yeonj,0.0000
엲,yeonh,0.0000
엳,yeot,0.0000
열,yeol,0.0000
엵,yeolk,0.0000
엶,yeolm,0.0000
엷,yeolb,0.0000
엸,yeols,0.0000
엹,yeolt,0.0000
엺,yeolp,0.0000
엻,yeolh,0.0000
염,yeom,-0.6000
엽,yeop,0.0000
엾,yeops,0.0000
엿,yeot,0.0000
였,yeot,0.0000
영,yeong,0.0000
옂,yeot,0.0000
옃,yeot,0.0000
옄,yeok,0.0000
옅,yeot,0.0000
옆,yeop,0.0000
옇,yeot,0.0000
예,ye,0.0000
옉,yek,0.0000
옊,yek,0.0000
옋,yeks,0.0000
옌,yen,0.0000
옍,yenj,0.0000
옎,yenh,0.0000
옏,yet,0.0000
옐,yel,0.0000
옑,yelk,0.0000
옒,yelm,0.0000
옓,yelb,0.0000
옔,yels,0.0000
옕,yelt,0.0000
옖,yelp,0.0000
옗,yelh,0.0000
옘,yem,0.0000
옙,yep,0.0000
옚,yeps,0.0000
옛,yet,0.0000
옜,yet,0.0000
옝,yeng,0.0000
옞,yet,0.0000
옟,yet,0.0000
옠,yek,0.0000
옡,yet,0.0000
옢,yep,0.0000
옣,yet,0.0000
오,o,0.5000
옥,ok,0.0000
옦,ok,0.0000
옧,oks,0.0000
온,on,0.0000
옩,onj,0.0000
옪,onh,0.0000
옫,ot,0.0000
올,ol,0.0000
옭,olk,0.0000
옮,olm,0.0000
옯,olb,0.0000
옰,ols,0.0000
옱,olt,0.0000
옲,olp,0.0000
옳,olh,0.0000
옴,om,0.0000
옵,op,0.0000
옶,ops,0.0000
옷,ot,0.0000
옸,ot,0.0000
옹,ong,0.0000
옺,ot,0.0000
옻,ot,0.0000
옼,ok,0.0000
옽,ot,0.0000
옾,op,0.0000
옿,ot,0.0000
와,wa,0.0000
왁,wak,0.0000
왂,wak,0.0000
왃,waks,0.0000
완,wan,0.0000
왅,wanj,0.0000
왆,wanh,0.0000
왇,wat,0.0000
왈,wal,0.0000
왉,walk,0.0000
왊,walm,0.0000
왋,walb,0.0000
왌,wals,0.0000
왍,walt,0.0000
왎,walp,0.0000
왏,walh,0.0000
왐,wam,0.0000
왑,wap,0.0000
왒,waps,0.0000
왓,wat,0.0000
왔,wat,0.0000
왕,wang,0.0000
왖,wat,0.0000
왗,wat,0.0000
왘,wak,0.0000
왙,wat,0.0000
왚,wap,0.0000
왛,wat,0.0000
왜,wae,0.0000
왝,waek,0.0000
왞,waek,0.0000
왟,waeks,0.0000
왠,waen,0.0000
왡,waenj,0.0000
왢,waenh,0.0000
왣,waet,0.0000
왤,wael,0.0000
왥,waelk,0.0000
왦,waelm,0.0000
왧,waelb,0.0000
왨,waels,0.0000
왩,waelt,0.0000
왪,waelp,0.0000
왫,waelh,0.0000
왬,waem,0.0000
왭,waep,0.0000
왮,waeps,0.0000
왯,waet,0.0000
왰,waet,0.0000
왱,waeng,0.0000
왲,waet,0.0000
왳,waet,0.0000
왴,waek,0.0000
왵,waet,0.0000
왶,waep,0.0000
왷,waet,0.0000
외,oe,0.0000
왹,oek,0.0000
왺,oek,0.0000
왻,oeks,0.0000
왼,oen,0.0000
왽,oenj,0.0000
왾,oenh,0.0000
왿,oet,0.0000
욀,oel,0.0000
욁,oelk,0.0000
욂,oelm,0.0000
욃,oelb,0.0000
욄,oels,0.0000
욅,oelt,0.0000
욆,oelp,0.0000
욇,oelh,0.0000
욈,oem,0.0000
욉,oep,0.0000
욊,oeps,0.0000
욋,oet,0.0000
욌,oet,0.0000
욍,oeng,0.0000
욎,oet,0.0000
욏,oet,0.0000
욐,oek,0.0000
욑,oet,0.0000
욒,oep,0.0000
욓,oet,0.0000
요,yo,0.0000
욕,yok,0.0000
욖,yok,0.0000
욗,yoks,0.0000
욘,yon,0.0000
욙,yonj,0.0000
욚,yonh,0.0000
욛,yot,0.0000
욜,yol,0.0000
욝,yolk,0.0000
욞,yolm,0.0000
욟,yolb,0.0000
욠,yols,0.0000
욡,yolt,0.0000
욢,yolp,0.0000
욣,yolh,0.0000
욤,yom,0.0000
욥,yop,0.0000
욦,yops,0.0000
욧,yot,0.0000
욨,yot,0.0000
용,yong,0.0000
욪,yot,0.0000
욫,yot,0.0000
욬,yok,0.0000
욭,yot,0.0000
욮,yop,0.0000
욯,yot,0.0000
우,u,0.0000
욱,uk,0.0000
욲,uk,0.0000
욳,uks,0.0000
운,un,0.0000
욵,unj,0.0000
욶,unh,0.0000
욷,ut,0.0000
울,ul,0.0000
욹,ulk,0.0000
욺,ulm,0.0000
욻,ulb,0.0000
욼,uls,0.0000
욽,ult,0.0000
욾,ulp,0.0000
욿,ulh,0.0000
웁,up,0.0000
웂,ups,0.0000
웃,ut,0.0000
웄,ut,0.0000
웅,ung,0.0000
웆,ut,0.0000
웇,ut,0.0000
웈,uk,0.0000
웉,ut,0.0000
웊,up,0.0000
웋,ut,0.0000
워,wo,0.0000
웍,wok,0.0000
웎,wok,0.0000
웏,woks,0.0000
원,won,0.0000
웑,wonj,0.0000
웒,wonh,0.0000
웓,wot,0.0000
월,wol,0.0000
웕,wolk,0.0000
웖,wolm,0.0000
웗,wolb,0.0000
웘,wols,0.0000
웙,wolt,0.0000
웚,wolp,0.0000
웛,wolh,0.0000
웜,wom,0.0000
웝,wop,0.0000
웞,wops,0.0000
웟,wot,0.0000
웠,wot,0.0000
웡,wong,0.0000
웢,wot,0.0000
웣,wot,0.0000
웤,wok,0.0000
웥,wot,0.0000
웦,wop,0.0000
웧,wot,0.0000
웨,we,0.0000
웩,wek,0.0000
웪,wek,0.0000
웫,weks,0.0000
웬,wen,0.0000
웭,wenj,0.0000
웮,wenh,0.0000
웯,wet,0.0000
웰,wel,0.0000
웱,welk,0.0000
웲,welm,0.0000
웳,welb,0.0000
웴,wels,0.0000
웵,welt,0.0000
웶,welp,0.0000
웷,welh,0.0000
웸,wem,0.0000
웹,wep,0.0000
웺,weps,0.0000
웻,wet,0.0000
웼,wet,0.0000
웽,weng,0.0000
웾,wet,0.0000
웿,wet,0.0000
윀,wek,0.0000
윁,wet,0.0000
윂,wep,0.0000
윃,wet,0.0000
위,wi,0.0000
윅,wik,0.0000
윆,wik,0.0000
윇,wiks,0.0000
윈,win,0.0000
윉,winj,0.0000
윊,winh,0.0000
윋,wit,0.0000
윌,wil,0.0000
윍,wilk,0.0000
윎,wilm,0.0000
윏,wilb,0.0000
윐,wils,0.0000
윑,wilt,0.0000
윒,wilp,0.0000
윓,wilh,0.0000
윔,wim,0.0000
윕,wip,0.0000
윖,wips,0.0000
윗,wit,0.0000
윘,wit,0.0000
윙,wing,0.0000
윚,wit,0.0000
윛,wit,0.0000
윜,wik,0.0000
윝,wit,0.0000
윞,wip,0.0000
윟,wit,0.0000
유,yu,0.0000
육,yuk,0.0000
윢,yuk,0.0000
윣,yuks,0.0000
윤,yun,0.0000
윥,yunj,0.0000
윦,yunh,0.0000
윧,yut,0.0000
율,yul,0.0000
윩,yulk,0.0000
윪,yulm,0.0000
윫,yulb,0.0000
윬,yuls,0.0000
윭,yult,0.0000
윮,yulp,0.0000
윯,yulh,0.0000
윰,yum,0.0000
윱,yup,0.0000
윲,yups,0.0000
윳,yut,0.0000
윴,yut,0.0000
융,yung,0.0000
윶,yut,0.0000
윷,yut,0.0000
윹,yut,0.0000
윺,yup,0.0000
윻,yut,0.0000
으,eu,0.0000
윽,euk,0.0000
윾,euk,0.0000
윿,euks,0.0000
은,eun,0.0000
읁,eunj,0.0000
읂,eunh,0.0000
읃,eut,0.0000
을,eul,0.0000
읅,eulk,0.0000
읆,eulm,0.0000
읇,eulb,0.0000
읈,euls,0.0000
읉,eult,0.0000
읊,eulp,0.0000
읋,eulh,0.0000
음,eum,-0.7000
읍,eup,0.0000
읎,eups,0.0000
읏,eut,0.0000
읐,eut,0.0000
응,eung,0.0000
읒,eut,0.0000
읓,eut,0.0000
읔,euk,0.0000
읕,eut,0.0000
읖,eup,0.0000
읗,eut,0.0000
의,ui,0.0000
읙,uik,0.0000
읚,uik,0.0000
읛,uiks,0.0000
읜,uin,0.0000
읝,uinj,0.0000
읞,uinh,0.0000
읟,uit,0.0000
읠,uil,0.0000
읡,uilk,0.0000
읢,uilm,0.0000
읣,uilb,0.0000
읤,uils,0.0000
읥,uilt,0.0000
읦,uilp,0.0000
읧,uilh,0.0000
읨,uim,0.0000
읩,uip,0.0000
읪,uips,0.0000
읫,uit,0.0000
읬,uit,0.0000
읭,uing,0.0000
읮,uit,0.0000
읯,uit,0.0000
읰,uik,0.0000
읱,uit,0.0000
읲,uip,0.0000
읳,uit,0.0000
이,i,0.8000
익,ik,0.0000
읶,ik,0.0000
읷,iks,0.0000
인,in,0.0000
읹,inj,0.0000
읺,inh,0.0000
읻,it,0.0000
일,il,0.0000
읽,ilk,0.0000
읾,ilm,0.0000
읿,ilb,0.0000
잀,ils,0.0000
잁,ilt,0.0000
잂,ilp,0.0000
잃,ilh,0.0000
임,im,0.0000
입,ip,0.0000
잆,ips,0.0000
잇,it,0.0000
있,it,0.0000
잉,ing,0.0000
잊,it,0.0000
잋,it,0.0000
잌,ik,0.0000
잍,it,0.0000
잎,ip,0.0000
잏,it,0.0000
자,ja,0.0000
작,jak,0.0000
잒,jak,0.0000
잓,jaks,0.0000
잔,jan,0.0000
잕,janj,0.0000
잖,janh,0.0000
잗,jat,0.0000
잘,jal,0.0000
잙,jalk,0.0000
잚,jalm,0.0000
잛,jalb,0.0000
잜,jals,0.0000
잝,jalt,0.0000
잞,jalp,0.0000
잟,jalh,0.0000
잠,jam,0.0000
잡,jap,0.0000
잢,japs,0.0000
잣,jat,0.0000
잤,jat,0.0000
장,jang,0.0000
잦,jat,0.0000
잧,jat,0.0000
잨,jak,0.0000
잩,jat,0.0000
잪,jap,0.0000
잫,jat,0.0000
재,jae,0.0000
잭,jaek,0.0000
잮,jaek,0.0000
잯,jaeks,0.0000
잰,jaen,0.0000
잱,jaenj,0.0000
잲,jaenh,0.0000
잳,jaet,0.0000
잴,jael,0.0000
잵,jaelk,0.0000
잶,jaelm,0.0000
잷,jaelb,0.0000
잸,jaels,0.0000
잹,jaelt,0.0000
잺,jaelp,0.0000
잻,jaelh,0.0000
잼,jaem,0.0000
잽,jaep,0.0000
잾,jaeps,0.0000
잿,jaet,0.0000
쟀,jaet,0.0000
쟁,jaeng,0.0000
쟂,jaet,0.0000
쟃,jaet,0.0000
쟄,jaek,0.0000
쟅,jaet,0.0000
쟆,jaep,0.0000
쟇,jaet,0.0000
쟈,jya,0.0000
쟉,jyak,0.0000
쟊,jyak,0.0000
쟋,jyaks,0.0000
쟌,jyan,0.0000
쟍,jyanj,0.0000
쟎,jyanh,0.0000
쟏,jyat,0.0000
쟐,jyal,0.0000
쟑,jyalk,0.0000
쟒,jyalm,0.0000
쟓,jyalb,0.0000
쟔,jyals,0.0000
쟕,jyalt,0.0000
쟖,jyalp,0.0000
쟗,jyalh,0.0000
쟘,jyam,0.0000
쟙,jyap,0.0000
쟚,jyaps,0.0000
쟛,jyat,0.0000
쟜,jyat,0.0000
쟝,jyang,0.0000
쟞,jyat,0.0000
쟟,jyat,0.0000
쟠,jyak,0.0000
쟡,jyat,0.0000
쟢,jyap,0.0000
쟣,jyat,0.0000
쟤,jyae,0.0000
쟥,jyaek,0.0000
쟦,jyaek,0.0000
쟧,jyaeks,0.0000
쟨,jyaen,0.0000
쟩,jyaenj,0.0000
쟪,jyaenh,0.0000
쟫,jyaet,0.0000
쟬,jyael,0.0000
쟭,jyaelk,0.0000
쟮,jyaelm,0.0000
쟯,jyaelb,0.0000
쟰,jyaels,0.0000
쟱,jyaelt,0.0000
쟲,jyaelp,0.0000
쟳,jyaelh,0.0000
쟴,jyaem,0.0000
쟵,jyaep,0.0000
쟶,jyaeps,0.0000
쟷,jyaet,0.0000
쟸,jyaet,0.0000
쟹,jyaeng,0.0000
쟺,jyaet,0.0000
쟻,jyaet,0.0000
쟼,jyaek,0.0000
쟽,jyaet,0.0000
쟾,jyaep,0.0000
쟿,jyaet,0.0000
저,jeo,0.0000
적,jeok,0.0000
젂,jeok,0.0000
젃,jeoks,0.0000
전,jeon,0.0000
젅,jeonj,0.0000
젆,jeonh,0.0000
젇,jeot,0.0000
절,jeol,0.0000
젉,jeolk,0.0000
젊,jeolm,0.0000
젋,jeolb,0.0000
젌,jeols,0.0000
젍,jeolt,0.0000
젎,jeolp,0.0000
젏,jeolh,0.0000
점,jeom,0.0000
접,jeop,0.0000
젒,jeops,0.0000
젓,jeot,0.0000
젔,jeot,0.0000
정,jeong,-1.1000
젖,jeot,0.0000
젗,jeot,0.0000
젘,jeok,0.0000
젙,jeot,0.0000
젚,jeop,0.0000
젛,jeot,0.0000
제,je,0.5000
젝,jek,0.0000
젞,jek,0.0000
젟,jeks,0.0000
젠,jen,0.0000
젡,jenj,0.0000
젢,jenh,0.0000
젣,jet,0.0000
젤,jel,0.0000
젥,jelk,0.0000
젦,jelm,0.0000
젧,jelb,0.0000
젨,jels,0.0000
젩,jelt,0.0000
젪,jelp,0.0000
젫,jelh,0.0000
젬,jem,0.0000
젭,jep,0.0000
젮,jeps,0.0000
젯,jet,0.0000
젰,jet,0.0000
젱,jeng,0.0000
젲,jet,0.0000
젳,jet,0.0000
젴,jek,0.0000
젵,jet,0.0000
젶,jep,0.0000
젷,jet,0.0000
져,jyeo,0.0000
젹,jyeok,0.0000
젺,jyeok,0.0000
젻,jyeoks,0.0000
젼,jyeon,0.0000
젽,jyeonj,0.0000
젾,jyeonh,0.0000
젿,jyeot,0.0000
졀,jyeol,0.0000
졁,jyeolk,0.0000
졂,jyeolm,0.0000
졃,jyeolb,0.0000
졄,jyeols,0.0000
졅,jyeolt,0.0000
졆,jyeolp,0.0000
졇,jyeolh,0.0000
졈,jyeom,0.0000
졉,jyeop,0.0000
졊,jyeops,0.0000
졋,jyeot,0.0000
졌,jyeot,0.0000
졍,jyeong,0.0000
졎,jyeot,0.0000
졏,jyeot,0.0000
졐,jyeok,0.0000
졑,jyeot,0.0000
졒,jyeop,0.0000
졓,jyeot,0.0000
졔,jye,0.0000
졕,jyek,0.0000
졖,jyek,0.0000
졗,jyeks,0.0000
졘,jyen,0.0000
졙,jyenj,0.0000
졚,jyenh,0.0000
졛,jyet,0.0000
졜,jyel,0.0000
졝,jyelk,0.0000
졞,jyelm,0.0000
졟,jyelb,0.0000
졠,jyels,0.0000
졡,jyelt,0.0000
졢,jyelp,0.0000
졣,jyelh,0.0000
졤,jyem,0.0000
졥,jyep,0.0000
졦,jyeps,0.0000
졧,jyet,0.0000
졨,jyet,0.0000
졩,jyeng,0.0000
졪,jyet,0.0000
졫,jyet,0.0000
졬,jyek,0.0000
졭,jyet,0.0000
졮,jyep,0.0000
졯,jyet,0.0000
조,jo,0.0000
족,jok,0.0000
졲,jok,0.0000
졳,joks,0.0000
존,jon,0.0000
졵,jonj,0.0000
졶,jonh,0.0000
졷,jot,0.0000
졸,jol,0.0000
졹,jolk,0.0000
졺,jolm,0.0000
졻,jolb,0.0000
졼,jols,0.0000
졽,jolt,0.0000
졾,jolp,0.0000
졿,jolh,0.0000
좀,jom,0.0000
좁,jop,0.0000
좂,jops,0.0000
좃,jot,0.0000
좄,jot,0.0000
종,jong,0.0000
좆,jot,0.0000
좇,jot,0.0000
좈,jok,0.0000
좉,jot,0.0000
좊,jop,0.0000
좋,jot,0.0000
좌,jwa,0.0000
좍,jwak,0.0000
좎,jwak,0.0000
좏,jwaks,0.0000
좐,jwan,0.0000
좑,jwanj,0.0000
좒,jwanh,0.0000
좓,jwat,0.0000
좔,jwal,0.0000
좕,jwalk,0.0000
좖,jwalm,0.0000
좗,jwalb,0.0000
좘,jwals,0.0000
좙,jwalt,0.0000
좚,jwalp,0.0000
좛,jwalh,0.0000
좜,jwam,0.0000
좝,jwap,0.0000
좞,jwaps,0.0000
좟,jwat,0.0000
좠,jwat,0.0000
좡,jwang,0.0000
좢,jwat,0.0000
좣,jwat,0.0000
좤,jwak,0.0000
좥,jwat,0.0000
좦,jwap,0.0000
좧,jwat,0.0000
좨,jwae,0.0000
좩,jwaek,0.0000
좪,jwaek,0.0000
좫,jwaeks,0.0000
좬,jwaen,0.0000
좭,jwaenj,0.0000
좮,jwaenh,0.0000
좯,jwaet,0.0000
좰,jwael,0.0000
좱,jwaelk,0.0000
좲,jwaelm,0.0000
좳,jwaelb,0.0000
좴,jwaels,0.0000
좵,jwaelt,0.0000
좶,jwaelp,0.0000
좷,jwaelh,0.0000
좸,jwaem,0.0000
좹,jwaep,0.0000
좺,jwaeps,0.0000
좻,jwaet,0.0000
좼,jwaet,0.0000
좽,jwaeng,0.0000
좾,jwaet,0.0000
좿,jwaet,0.0000
죀,jwaek,0.0000
죁,jwaet,0.0000
죂,jwaep,0.0000
죃,jwaet,0.0000
죄,joe,0.0000
죅,joek,0.0000
죆,joek,0.0000
죇,joeks,0.0000
죈,joen,0.0000
죉,joenj,0.0000
죊,joenh,0.0000
죋,joet,0.0000
죌,joel,0.0000
죍,joelk,0.0000
죎,joelm,0.0000
죏,joelb,0.0000
죐,joels,0.0000
죑,joelt,0.0000
죒,joelp,0.0000
죓,joelh,0.0000
죔,joem,0.0000
죕,joep,0.0000
죖,joeps,0.0000
죗,joet,0.0000
죘,joet,0.0000
죙,joeng,0.0000
죚,joet,0.0000
죛,joet,0.0000
죜,joek,0.0000
죝,joet,0.0000
죞,joep,0.0000
죟,joet,0.0000
죠,jyo,0.0000
죡,jyok,0.0000
죢,jyok,0.0000
죣,jyoks,0.0000
죤,jyon,0.0000
죥,jyonj,0.0000
죦,jyonh,0.0000
죧,jyot,0.0000
죨,jyol,0.0000
죩,jyolk,0.0000
죪,jyolm,0.0000
죫,jyolb,0.0000
죬,jyols,0.0000
죭,jyolt,0.0000
죮,jyolp,0.0000
죯,jyolh,0.0000
죰,jyom,0.0000
죱,jyop,0.0000
죲,jyops,0.0000
죳,jyot,0.0000
죴,jyot,0.0000
죵,jyong,0.0000
죶,jyot,0.0000
죷,jyot,0.0000
죸,jyok,0.0000
죹,jyot,0.0000
죺,jyop,0.0000
죻,jyot,0.0000
주,ju,-0.8000
죽,juk,0.0000
죾,juk,0.0000
죿,juks,0.0000
준,jun,-1.2000
줁,junj,0.0000
줂,junh,0.0000
줃,jut,0.0000
줄,jul,0.0000
줅,julk,0.0000
줆,julm,0.0000
줇,julb,0.0000
줈,juls,0.0000
줉,jult,0.0000
줊,julp,0.0000
줋,julh,0.0000
줌,jum,0.0000
줍,jup,0.0000
줎,jups,0.0000
줏,jut,0.0000
줐,jut,0.0000
줒,jut,0.0000
줓,jut,0.0000
줔,juk,0.0000
줕,jut,0.0000
줖,jup,0.0000
줗,jut,0.0000
줘,jwo,0.0000
줙,jwok,0.0000
줚,jwok,0.0000
줛,jwoks,0.0000
줜,jwon,0.0000
줝,jwonj,0.0000
줞,jwonh,0.0000
줟,jwot,0.0000
줠,jwol,0.0000
줡,jwolk,0.0000
줢,jwolm,0.0000
줣,jwolb,0.0000
줤,jwols,0.0000
줥,jwolt,0.0000
줦,jwolp,0.0000
줧,jwolh,0.0000
줨,jwom,0.0000
줩,jwop,0.0000
줪,jwops,0.0000
줫,jwot,0.0000
줬,jwot,0.0000
줭,jwong,0.0000
줮,jwot,0.0000
줯,jwot,0.0000
줰,jwok,0.0000
줱,jwot,0.0000
줲,jwop,0.0000
줳,jwot,0.0000
줴,jwe,0.0000
줵,jwek,0.0000
줶,jwek,0.0000
줷,jweks,0.0000
줸,jwen,0.0000
줹,jwenj,0.0000
줺,jwenh,0.0000
줻,jwet,0.0000
줼,jwel,0.0000
줽,jwelk,0.0000
줾,jwelm,0.0000
줿,jwelb,0.0000
쥀,jwels,0.0000
쥁,jwelt,0.0000
쥂,jwelp,0.0000
쥃,jwelh,0.0000
쥄,jwem,0.0000
쥅,jwep,0.0000
쥆,jweps,0.0000
쥇,jwet,0.0000
쥈,jwet,0.0000
쥉,jweng,0.0000
쥊,jwet,0.0000
쥋,jwet,0.0000
쥌,jwek,0.0000
쥍,jwet,0.0000
쥎,jwep,0.0000
쥏,jwet,0.0000
쥐,jwi,0.0000
쥑,jwik,0.0000
쥒,jwik,0.0000
쥓,jwiks,0.0000
쥔,jwin,0.0000
쥕,jwinj,0.0000
쥖,jwinh,0.0000
쥗,jwit,0.0000
쥘,jwil,0.0000
쥙,jwilk,0.0000
쥚,jwilm,0.0000
쥛,jwilb,0.0000
쥜,jwils,0.0000
쥝,jwilt,0.0000
쥞,jwilp,0.0000
쥟,jwilh,0.0000
쥠,jwim,0.0000
쥡,jwip,0.0000
쥢,jwips,0.0000
쥣,jwit,0.0000
쥤,jwit,0.0000
쥥,jwing,0.0000
쥦,jwit,0.0000
쥧,jwit,0.0000
쥨,jwik,0.0000
쥩,jwit,0.0000
쥪,jwip,0.0000
쥫,jwit,0.0000
쥬,jyu,0.0000
쥭,jyuk,0.0000
쥮,jyuk,0.0000
쥯,jyuks,0.0000
쥰,jyun,0.0000
쥱,jyunj,0.0000
쥲,jyunh,0.0000
쥳,jyut,0.0000
쥴,jyul,0.0000
쥵,jyulk,0.0000
쥶,jyulm,0.0000
쥷,jyulb,0.0000
쥸,jyuls,0.0000
쥹,jyult,0.0000
쥺,jyulp,0.0000
쥻,jyulh,0.0000
쥼,jyum,0.0000
쥽,jyup,0.0000
쥾,jyups,0.0000
쥿,jyut,0.0000
즀,jyut,0.0000
즁,jyung,0.0000
즂,jyut,0.0000
즃,jyut,0.0000
즄,jyuk,0.0000
즅,jyut,0.0000
즆,jyup,0.0000
즇,jyut,0.0000
즈,jeu,0.0000
즉,jeuk,0.0000
즊,jeuk,0.0000
즋,jeuks,0.0000
즌,jeun,0.0000
즍,jeunj,0.0000
즎,jeunh,0.0000
즏,jeut,0.0000
즐,jeul,0.0000
즑,jeulk,0.0000
즒,jeulm,0.0000
즓,jeulb,0.0000
즔,jeuls,0.0000
즕,jeult,0.0000
즖,jeulp,0.0000
즗,jeulh,0.0000
즘,jeum,0.0000
즙,jeup,0.0000
즚,jeups,0.0000
즛,jeut,0.0000
즜,jeut,0.0000
증,jeung,0.0000
즞,jeut,0.0000
즟,jeut,0.0000
즠,jeuk,0.0000
즡,jeut,0.0000
즢,jeup,0.0000
즣,jeut,0.0000
즤,jui,0.0000
즥,juik,0.0000
즦,juik,0.0000
즧,juiks,0.0000
즨,juin,0.0000
즩,juinj,0.0000
즪,juinh,0.0000
즫,juit,0.0000
즬,juil,0.0000
즭,juilk,0.0000
즮,juilm,0.0000
즯,juilb,0.0000
즰,juils,0.0000
즱,juilt,0.0000
즲,juilp,0.0000
즳,juilh,0.0000
즴,juim,0.0000
즵,juip,0.0000
즶,juips,0.0000
즷,juit,0.0000
즸,juit,0.0000
즹,juing,0.0000
즺,juit,0.0000
즻,juit,0.0000
즼,juik,0.0000
즽,juit,0.0000
즾,juip,0.0000
즿,juit,0.0000
지,ji,0.0000
직,jik,0.0000
짂,jik,0.0000
짃,jiks,0.0000
진,jin,-0.2230
짅,jinj,0.0000
짆,jinh,0.0000
짇,jit,0.0000
질,jil,0.0000
짉,jilk,0.0000
짊,jilm,0.0000
짋,jilb,0.0000
짌,jils,0.0000
짍,jilt,0.0000
짎,jilp,0.0000
짏,jilh,0.0000
짐,jim,0.0000
집,jip,0.0000
짒,jips,0.0000
짓,jit,0.0000
짔,jit,0.0000
징,jing,0.0000
짖,jit,0.0000
짗,jit,0.0000
짘,jik,0.0000
짙,jit,0.0000
짚,jip,0.0000
짛,jit,0.0000
짜,jja,0.0000
짝,jjak,0.0000
짞,jjak,0.0000
짟,jjaks,0.0000
짠,jjan,0.0000
짡,jjanj,0.0000
짢,jjanh,0.0000
짣,jjat,0.0000
짤,jjal,0.0000
짥,jjalk,0.0000
짦,jjalm,0.0000
짧,jjalb,0.0000
짨,jjals,0.0000
짩,jjalt,0.0000
짪,jjalp,0.0000
짫,jjalh,0.0000
짬,jjam,0.0000
짭,jjap,0.0000
짮,jjaps,0.0000
짯,jjat,0.0000
짰,jjat,0.0000
짱,jjang,0.0000
짲,jjat,0.0000
짳,jjat,0.0000
짴,jjak,0.0000
짵,jjat,0.0000
짶,jjap,0.0000
짷,jjat,0.0000
째,jjae,0.0000
짹,jjaek,0.0000
짺,jjaek,0.0000
짻,jjaeks,0.0000
짼,jjaen,0.0000
짽,jjaenj,0.0000
짾,jjaenh,0.0000
짿,jjaet,0.0000
쨀,jjael,0.0000
쨁,jjaelk,0.0000
쨂,jjaelm,0.0000
쨃,jjaelb,0.0000
쨄,jjaels,0.0000
쨅,jjaelt,0.0000
쨆,jjaelp,0.0000
쨇,jjaelh,0.0000
쨈,jjaem,0.0000
쨉,jjaep,0.0000
쨊,jjaeps,0.0000
쨋,jjaet,0.0000
쨌,jjaet,0.0000
쨍,jjaeng,0.0000
쨎,jjaet,0.0000
쨏,jjaet,0.0000
쨐,jjaek,0.0000
쨑,jjaet,0.0000
쨒,jjaep,0.0000
쨓,jjaet,0.0000
쨔,jjya,0.0000
쨕,jjyak,0.0000
쨖,jjyak,0.0000
쨗,jjyaks,0.0000
쨘,jjyan,0.0000
쨙,jjyanj,0.0000
쨚,jjyanh,0.0000
쨛,jjyat,0.0000
쨜,jjyal,0.0000
쨝,jjyalk,0.0000
쨞,jjyalm,0.0000
쨟,jjyalb,0.0000
쨠,jjyals,0.0000
쨡,jjyalt,0.0000
쨢,jjyalp,0.0000
쨣,jjyalh,0.0000
쨤,jjyam,0.0000
쨥,jjyap,0.0000
쨦,jjyaps,0.0000
쨧,jjyat,0.0000
쨨,jjyat,0.0000
쨩,jjyang,0.0000
쨪,jjyat,0.0000
쨫,jjyat,0.0000
쨬,jjyak,0.0000
쨭,jjyat,0.0000
쨮,jjyap,0.0000
쨯,jjyat,0.0000
쨰,jjyae,0.0000
쨱,jjyaek,0.0000
쨲,jjyaek,0.0000
쨳,jjyaeks,0.0000
쨴,jjyaen,0.0000
쨵,jjyaenj,0.0000
쨶,jjyaenh,0.0000
쨷,jjyaet,0.0000
쨸,jjyael,0.0000
쨹,jjyaelk,0.0000
쨺,jjyaelm,0.0000
쨻,jjyaelb,0.0000
쨼,jjyaels,0.0000
쨽,jjyaelt,0.0000
쨾,jjyaelp,0.0000
쨿,jjyaelh,0.0000
쩀,jjyaem,0.0000
쩁,jjyaep,0.0000
쩂,jjyaeps,0.0000
쩃,jjyaet,0.0000
쩄,jjyaet,0.0000
쩅,jjyaeng,0.0000
쩆,jjyaet,0.0000
쩇,jjyaet,0.0000
쩈,jjyaek,0.0000
쩉,jjyaet,0.0000
쩊,jjyaep,0.0000
쩋,jjyaet,0.0000
쩌,jjeo,0.0000
쩍,jjeok,0.0000
쩎,jjeok,0.0000
쩏,jjeoks,0.0000
쩐,jjeon,0.0000
쩑,jjeonj,0.0000
쩒,jjeonh,0.0000
쩓,jjeot,0.0000
쩔,jjeol,0.0000
쩕,jjeolk,0.0000
쩖,jjeolm,0.0000
쩗,jjeolb,0.0000
쩘,jjeols,0.0000
쩙,jjeolt,0.0000
쩚,jjeolp,0.0000
쩛,jjeolh,0.0000
쩜,jjeom,0.0000
쩝,jjeop,0.0000
쩞,jjeops,0.0000
쩟,jjeot,0.0000
쩠,jjeot,0.0000
쩡,jjeong,0.0000
쩢,jjeot,0.0000
쩣,jjeot,0.0000
쩤,jjeok,0.0000
쩥,jjeot,0.0000
쩦,jjeop,0.0000
쩧,jjeot,0.0000
쩨,jje,0.0000
쩩,jjek,0.0000
쩪,jjek,0.0000
쩫,jjeks,0.0000
쩬,jjen,0.0000
쩭,jjenj,0.0000
쩮,jjenh,0.0000
쩯,jjet,0.0000
쩰,jjel,0.0000
쩱,jjelk,0.0000
쩲,jjelm,0.0000
쩳,jjelb,0.0000
쩴,jjels,0.0000
쩵,jjelt,0.0000
쩶,jjelp,0.0000
쩷,jjelh,0.0000
쩸,jjem,0.0000
쩹,jjep,0.0000
쩺,jjeps,0.0000
쩻,jjet,0.0000
쩼,jjet,0.0000
쩽,jjeng,0.0000
쩾,jjet,0.0000
쩿,jjet,0.0000
쪀,jjek,0.0000
쪁,jjet,0.0000
쪂,jjep,0.0000
쪃,jjet,0.0000
쪄,jjyeo,0.0000
쪅,jjyeok,0.0000
쪆,jjyeok,0.0000
쪇,jjyeoks,0.0000
쪈,jjyeon,0.0000
쪉,jjyeonj,0.0000
쪊,jjyeonh,0.0000
쪋,jjyeot,0.0000
쪌,jjyeol,0.0000
쪍,jjyeolk,0.0000
쪎,jjyeolm,0.0000
쪏,jjyeolb,0.0000
쪐,jjyeols,0.0000
쪑,jjyeolt,0.0000
쪒,jjyeolp,0.0000
쪓,jjyeolh,0.0000
쪔,jjyeom,0.0000
쪕,jjyeop,0.0000
쪖,jjyeops,0.0000
쪗,jjyeot,0.0000
쪘,jjyeot,0.0000
쪙,jjyeong,0.0000
쪚,jjyeot,0.0000
쪛,jjyeot,0.0000
쪜,jjyeok,0.0000
쪝,jjyeot,0.0000
쪞,jjyeop,0.0000
쪟,jjyeot,0.0000
쪠,jjye,0.0000
쪡,jjyek,0.0000
쪢,jjyek,0.0000
쪣,jjyeks,0.0000
쪤,jjyen,0.0000
쪥,jjyenj,0.0000
쪦,jjyenh,0.0000
쪧,jjyet,0.0000
쪨,jjyel,0.0000
쪩,jjyelk,0.0000
쪪,jjyelm,0.0000
쪫,jjyelb,0.0000
쪬,jjyels,0.0000
쪭,jjyelt,0.0000
쪮,jjyelp,0.0000
쪯,jjyelh,0.0000
쪰,jjyem,0.0000
쪱,jjyep,0.0000
쪲,jjyeps,0.0000
쪳,jjyet,0.0000
쪴,jjyet,0.0000
쪵,jjyeng,0.0000
쪶,jjyet,0.0000
쪷,jjyet,0.0000
쪸,jjyek,0.0000
쪹,jjyet,0.0000
쪺,jjyep,0.0000
쪻,jjyet,0.0000
쪼,jjo,0.0000
쪽,jjok,0.0000
쪾,jjok,0.0000
쪿,jjoks,0.0000
쫀,jjon,0.0000
쫁,jjonj,0.0000
쫂,jjonh,0.0000
쫃,jjot,0.0000
쫄,jjol,0.0000
쫅,jjolk,0.0000
쫆,jjolm,0.0000
쫇,jjolb,0.0000
쫈,jjols,0.0000
쫉,jjolt,0.0000
쫊,jjolp,0.0000
쫋,jjolh,0.0000
쫌,jjom,0.0000
쫍,jjop,0.0000
쫎,jjops,0.0000
쫏,jjot,0.0000
쫐,jjot,0.0000
쫑,jjong,0.0000
쫒,jjot,0.0000
쫓,jjot,0.0000
쫔,jjok,0.0000
쫕,jjot,0.0000
쫖,jjop,0.0000
쫗,jjot,0.0000
쫘,jjwa,0.0000
쫙,jjwak,0.0000
쫚,jjwak,0.0000
쫛,jjwaks,0.0000
쫜,jjwan,0.0000
쫝,jjwanj,0.0000
쫞,jjwanh,0.0000
쫟,jjwat,0.0000
쫠,jjwal,0.0000
쫡,jjwalk,0.0000
쫢,jjwalm,0.0000
쫣,jjwalb,0.0000
쫤,jjwals,0.0000
쫥,jjwalt,0.0000
쫦,jjwalp,0.0000
쫧,jjwalh,0.0000
쫨,jjwam,0.0000
쫩,jjwap,0.0000
쫪,jjwaps,0.0000
쫫,jjwat,0.0000
쫬,jjwat,0.0000
쫭,jjwang,0.0000
쫮,jjwat,0.0000
쫯,jjwat,0.0000
쫰,jjwak,0.0000
쫱,jjwat,0.0000
쫲,jjwap,0.0000
쫳,jjwat,0.0000
쫴,jjwae,0.0000
쫵,jjwaek,0.0000
쫶,jjwaek,0.0000
쫷,jjwaeks,0.0000
쫸,jjwaen,0.0000
쫹,jjwaenj,0.0000
쫺,jjwaenh,0.0000
쫻,jjwaet,0.0000
쫼,jjwael,0.0000
쫽,jjwaelk,0.0000
쫾,jjwaelm,0.0000
쫿,jjwaelb,0.0000
쬀,jjwaels,0.0000
쬁,jjwaelt,0.0000
쬂,jjwaelp,0.0000
쬃,jjwaelh,0.0000
쬄,jjwaem,0.0000
쬅,jjwaep,0.0000
쬆,jjwaeps,0.0000
쬇,jjwaet,0.0000
쬈,jjwaet,0.0000
쬉,jjwaeng,0.0000
쬊,jjwaet,0.0000
쬋,jjwaet,0.0000
쬌,jjwaek,0.0000
쬍,jjwaet,0.0000
쬎,jjwaep,0.0000
쬏,jjwaet,0.0000
쬐,jjoe,0.0000
쬑,jjoek,0.0000
쬒,jjoek,0.0000
쬓,jjoeks,0.0000
쬔,jjoen,0.0000
쬕,jjoenj,0.0000
쬖,jjoenh,0.0000
쬗,jjoet,0.0000
쬘,jjoel,0.0000
쬙,jjoelk,0.0000
쬚,jjoelm,0.0000
쬛,jjoelb,0.0000
쬜,jjoels,0.0000
쬝,jjoelt,0.0000
쬞,jjoelp,0.0000
쬟,jjoelh,0.0000
쬠,jjoem,0.0000
쬡,jjoep,0.0000
쬢,jjoeps,0.0000
쬣,jjoet,0.0000
쬤,jjoet,0.0000
쬥,jjoeng,0.0000
쬦,jjoet,0.0000
쬧,jjoet,0.0000
쬨,jjoek,0.0000
쬩,jjoet,0.0000
쬪,jjoep,0.0000
쬫,jjoet,0.0000
쬬,jjyo,0.0000
쬭,jjyok,0.0000
쬮,jjyok,0.0000
쬯,jjyoks,0.0000
쬰,jjyon,0.0000
쬱,jjyonj,0.0000
쬲,jjyonh,0.0000
쬳,jjyot,0.0000
쬴,jjyol,0.0000
쬵,jjyolk,0.0000
쬶,jjyolm,0.0000
쬷,jjyolb,0.0000
쬸,jjyols,0.0000
쬹,jjyolt,0.0000
쬺,jjyolp,0.0000
쬻,jjyolh,0.0000
쬼,jjyom,0.0000
쬽,jjyop,0.0000
쬾,jjyops,0.0000
쬿,jjyot,0.0000
쭀,jjyot,0.0000
쭁,jjyong,0.0000
쭂,jjyot,0.0000
쭃,jjyot,0.0000
쭄,jjyok,0.0000
쭅,jjyot,0.0000
쭆,jjyop,0.0000
쭇,jjyot,0.0000
쭈,jju,0.0000
쭉,jjuk,0.0000
쭊,jjuk,0.0000
쭋,jjuks,0.0000
쭌,jjun,0.0000
쭍,jjunj,0.0000
쭎,jjunh,0.0000
쭏,jjut,0.0000
쭐,jjul,0.0000
쭑,jjulk,0.0000
쭒,jjulm,0.0000
쭓,jjulb,0.0000
쭔,jjuls,0.0000
쭕,jjult,0.0000
쭖,jjulp,0.0000
쭗,jjulh,0.0000
쭘,jjum,0.0000
쭙,jjup,0.0000
쭚,jjups,0.0000
쭛,jjut,0.0000
쭜,jjut,0.0000
쭝,jjung,0.0000
쭞,jjut,0.0000
쭟,jjut,0.0000
쭠,jjuk,0.0000
쭡,jjut,0.0000
쭢,jjup,0.0000
쭣,jjut,0.0000
쭤,jjwo,0.0000
쭥,jjwok,0.0000
쭦,jjwok,0.0000
쭧,jjwoks,0.0000
쭨,jjwon,0.0000
쭩,jjwonj,0.0000
쭪,jjwonh,0.0000
쭫,jjwot,0.0000
쭬,jjwol,0.0000
쭭,jjwolk,0.0000
쭮,jjwolm,0.0000
쭯,jjwolb,0.0000
쭰,jjwols,0.0000
쭱,jjwolt,0.0000
쭲,jjwolp,0.0000
쭳,jjwolh,0.0000
쭴,jjwom,0.0000
쭵,jjwop,0.0000
쭶,jjwops,0.0000
쭷,jjwot,0.0000
쭸,jjwot,0.0000
쭹,jjwong,0.0000
쭺,jjwot,0.0000
쭻,jjwot,0.0000
쭼,jjwok,0.0000
쭽,jjwot,0.0000
쭾,jjwop,0.0000
쭿,jjwot,0.0000
쮀,jjwe,0.0000
쮁,jjwek,0.0000
쮂,jjwek,0.0000
쮃,jjweks,0.0000
쮄,jjwen,0.0000
쮅,jjwenj,0.0000
쮆,jjwenh,0.0000
쮇,jjwet,0.0000
쮈,jjwel,0.0000
쮉,jjwelk,0.0000
쮊,jjwelm,0.0000
쮋,jjwelb,0.0000
쮌,jjwels,0.0000
쮍,jjwelt,0.0000
쮎,jjwelp,0.0000
쮏,jjwelh,0.0000
쮐,jjwem,0.0000
쮑,jjwep,0.0000
쮒,jjweps,0.0000
쮓,jjwet,0.0000
쮔,jjwet,0.0000
쮕,jjweng,0.0000
쮖,jjwet,0.0000
쮗,jjwet,0.0000
쮘,jjwek,0.0000
쮙,jjwet,0.0000
쮚,jjwep,0.0000
쮛,jjwet,0.0000
쮜,jjwi,0.0000
쮝,jjwik,0.0000
쮞,jjwik,0.0000
쮟,jjwiks,0.0000
쮠,jjwin,0.0000
쮡,jjwinj,0.0000
쮢,jjwinh,0.0000
쮣,jjwit,0.0000
쮤,jjwil,0.0000
쮥,jjwilk,0.0000
쮦,jjwilm,0.0000
쮧,jjwilb,0.0000
쮨,jjwils,0.0000
쮩,jjwilt,0.0000
쮪,jjwilp,0.0000
쮫,jjwilh,0.0000
쮬,jjwim,0.0000
쮭,jjwip,0.0000
쮮,jjwips,0.0000
쮯,jjwit,0.0000
쮰,jjwit,0.0000
쮱,jjwing,0.0000
쮲,jjwit,0.0000
쮳,jjwit,0.0000
쮴,jjwik,0.0000
쮵,jjwit,0.0000
쮶,jjwip,0.0000
쮷,jjwit,0.0000
쮸,jjyu,0.0000
쮹,jjyuk,0.0000
쮺,jjyuk,0.0000
쮻,jjyuks,0.0000
쮼,jjyun,0.0000
쮽,jjyunj,0.0000
쮾,jjyunh,0.0000
쮿,jjyut,0.0000
쯀,jjyul,0.0000
쯁,jjyulk,0.0000
쯂,jjyulm,0.0000
쯃,jjyulb,0.0000
쯄,jjyuls,0.0000
쯅,jjyult,0.0000
쯆,jjyulp,0.0000
쯇,jjyulh,0.0000
쯈,jjyum,0.0000
쯉,jjyup,0.0000
쯊,jjyups,0.0000
쯋,jjyut,0.0000
쯌,jjyut,0.0000
쯍,jjyung,0.0000
쯎,jjyut,0.0000
쯏,jjyut,0.0000
쯐,jjyuk,0.0000
쯑,jjyut,0.0000
쯒,jjyup,0.0000
쯓,jjyut,0.0000
쯔,jjeu,0.0000
쯕,jjeuk,0.0000
쯖,jjeuk,0.0000
쯗,jjeuks,0.0000
쯘,jjeun,0.0000
쯙,jjeunj,0.0000
쯚,jjeunh,0.0000
쯛,jjeut,0.0000
쯜,jjeul,0.0000
쯝,jjeulk,0.0000
쯞,jjeulm,0.0000
쯟,jjeulb,0.0000
쯠,jjeuls,0.0000
쯡,jjeult,0.0000
쯢,jjeulp,0.0000
쯣,jjeulh,0.0000
쯤,jjeum,0.0000
쯥,jjeup,0.0000
쯦,jjeups,0.0000
쯧,jjeut,0.0000
쯨,jjeut,0.0000
쯩,jjeung,0.0000
쯪,jjeut,0.0000
쯫,jjeut,0.0000
쯬,jjeuk,0.0000
쯭,jjeut,0.0000
쯮,jjeup,0.0000
쯯,jjeut,0.0000
쯰,jjui,0.0000
쯱,jjuik,0.0000
쯲,jjuik,0.0000
쯳,jjuiks,0.0000
쯴,jjuin,0.0000
쯵,jjuinj,0.0000
쯶,jjuinh,0.0000
쯷,jjuit,0.0000
쯸,jjuil,0.0000
쯹,jjuilk,0.0000
쯺,jjuilm,0.0000
쯻,jjuilb,0.0000
쯼,jjuils,0.0000
쯽,jjuilt,0.0000
쯾,jjuilp,0.0000
쯿,jjuilh,0.0000
찀,jjuim,0.0000
찁,jjuip,0.0000
찂,jjuips,0.0000
찃,jjuit,0.0000
찄,jjuit,0.0000
찅,jjuing,0.0000
찆,jjuit,0.0000
찇,jjuit,0.0000
찈,jjuik,0.0000
찉,jjuit,0.0000
찊,jjuip,0.0000
찋,jjuit,0.0000
찌,jji,0.0000
찍,jjik,0.0000
찎,jjik,0.0000
찏,jjiks,0.0000
찐,jjin,0.0000
찑,jjinj,0.0000
찒,jjinh,0.0000
찓,jjit,0.0000
찔,jjil,0.0000
찕,jjilk,0.0000
찖,jjilm,0.0000
찗,jjilb,0.0000
찘,jjils,0.0000
찙,jjilt,0.0000
찚,jjilp,0.0000
찛,jjilh,0.0000
찜,jjim,0.0000
찝,jjip,0.0000
찞,jjips,0.0000
찟,jjit,0.0000
찠,jjit,0.0000
찡,jjing,0.0000
찢,jjit,0.0000
찣,jjit,0.0000
찤,jjik,0.0000
찥,jjit,0.0000
찦,jjip,0.0000
찧,jjit,0.0000
차,cha,0.0000
착,chak,0.0000
찪,chak,0.0000
찫,chaks,0.0000
찬,chan,0.0000
찭,chanj,0.0000
찮,chanh,0.0000
찯,chat,0.0000
찰,chal,0.0000
찱,chalk,0.0000
찲,chalm,0.0000
찳,chalb,0.0000
찴,chals,0.0000
찵,chalt,0.0000
찶,chalp,0.0000
찷,chalh,0.0000
참,cham,0.0000
찹,chap,0.0000
찺,chaps,0.0000
찻,chat,0.0000
찼,chat,0.0000
찾,chat,0.0000
찿,chat,0.0000
챀,chak,0.0000
챁,chat,0.0000
챂,chap,0.0000
챃,chat,0.0000
채,chae,0.0000
책,chaek,0.0000
챆,chaek,0.0000
챇,chaeks,0.0000
챈,chaen,0.0000
챉,chaenj,0.0000
챊,chaenh,0.0000
챋,chaet,0.0000
챌,chael,0.0000
챍,chaelk,0.0000
챎,chaelm,0.0000
챏,chaelb,0.0000
챐,chaels,0.0000
챑,chaelt,0.0000
챒,chaelp,0.0000
챓,chaelh,0.0000
챔,chaem,0.0000
챕,chaep,0.0000
챖,chaeps,0.0000
챗,chaet,0.0000
챘,chaet,0.0000
챙,chaeng,0.0000
챚,chaet,0.0000
챛,chaet,0.0000
챜,chaek,0.0000
챝,chaet,0.0000
챞,chaep,0.0000
챟,chaet,0.0000
챠,chya,0.0000
챡,chyak,0.0000
챢,chyak,0.0000
챣,chyaks,0.0000
챤,chyan,0.0000
챥,chyanj,0.0000
챦,chyanh,0.0000
챧,chyat,0.0000
챨,chyal,0.0000
챩,chyalk,0.0000
챪,chyalm,0.0000
챫,chyalb,0.0000
챬,chyals,0.0000
챭,chyalt,0.0000
챮,chyalp,0.0000
챯,chyalh,0.0000
챰,chyam,0.0000
챱,chyap,0.0000
챲,chyaps,0.0000
챳,chyat,0.0000
챴,chyat,0.0000
챵,chyang,0.0000
챶,chyat,0.0000
챷,chyat,0.0000
챸,chyak,0.0000
챹,chyat,0.0000
챺,chyap,0.0000
챻,chyat,0.0000
챼,chyae,0.0000
챽,chyaek,0.0000
챾,chyaek,0.0000
챿,chyaeks,0.0000
첀,chyaen,0.0000
첁,chyaenj,0.0000
첂,chyaenh,0.0000
첃,chyaet,0.0000
첄,chyael,0.0000
첅,chyaelk,0.0000
첆,chyaelm,0.0000
첇,chyaelb,0.0000
첈,chyaels,0.0000
첉,chyaelt,0.0000
첊,chyaelp,0.0000
첋,chyaelh,0.0000
첌,chyaem,0.0000
첍,chyaep,0.0000
첎,chyaeps,0.0000
첏,chyaet,0.0000
첐,chyaet,0.0000
첑,chyaeng,0.0000
첒,chyaet,0.0000
첓,chyaet,0.0000
첔,chyaek,0.0000
첕,chyaet,0.0000
첖,chyaep,0.0000
첗,chyaet,0.0000
처,cheo,0.0000
척,cheok,0.0000
첚,cheok,0.0000
첛,cheoks,0.0000
천,cheon,-0.8000
첝,cheonj,0.0000
첞,cheonh,0.0000
첟,cheot,0.0000
철,cheol,0.0000
첡,cheolk,0.0000
첢,cheolm,0.0000
첣,cheolb,0.0000
첤,cheols,0.0000
첥,cheolt,0.0000
첦,cheolp,0.0000
첧,cheolh,0.0000
첨,cheom,0.0000
첩,cheop,0.0000
첪,cheops,0.0000
첫,cheot,0.0000
첬,cheot,0.0000
청,cheong,0.9160
첮,cheot,0.0000
첯,cheot,0.0000
첰,cheok,0.0000
첱,cheot,0.0000
첲,cheop,0.0000
첳,cheot,0.0000
체,che,0.0000
첵,chek,0.0000
첶,chek,0.0000
첷,cheks,0.0000
첸,chen,0.0000
첹,chenj,0.0000
첺,chenh,0.0000
첻,chet,0.0000
첼,chel,0.0000
첽,chelk,0.0000
첾,chelm,0.0000
첿,chelb,0.0000
쳀,chels,0.0000
쳁,chelt,0.0000
쳂,chelp,0.0000
쳃,chelh,0.0000
쳄,chem,0.0000
쳅,chep,0.0000
쳆,cheps,0.0000
쳇,chet,0.0000
쳈,chet,0.0000
쳉,cheng,0.0000
쳊,chet,0.0000
쳋,chet,0.0000
쳌,chek,0.0000
쳍,chet,0.0000
쳎,chep,0.0000
쳏,chet,0.0000
쳐,chyeo,0.0000
쳑,chyeok,0.0000
쳒,chyeok,0.0000
쳓,chyeoks,0.0000
쳔,chyeon,0.0000
쳕,chyeonj,0.0000
쳖,chyeonh,0.0000
쳗,chyeot,0.0000
쳘,chyeol,0.0000
쳙,chyeolk,0.0000
쳚,chyeolm,0.0000
쳛,chyeolb,0.0000
쳜,chyeols,0.0000
쳝,chyeolt,0.0000
쳞,chyeolp,0.0000
쳟,chyeolh,0.0000
쳠,chyeom,0.0000
쳡,chyeop,0.0000
쳢,chyeops,0.0000
쳣,chyeot,0.0000
쳤,chyeot,0.0000
쳥,chyeong,0.0000
쳦,chyeot,0.0000
쳧,chyeot,0.0000
쳨,chyeok,0.0000
쳩,chyeot,0.0000
쳪,chyeop,0.0000
쳫,chyeot,0.0000
쳬,chye,0.0000
쳭,chyek,0.0000
쳮,chyek,0.0000
쳯,chyeks,0.0000
쳰,chyen,0.0000
쳱,chyenj,0.0000
쳲,chyenh,0.0000
쳳,chyet,0.0000
쳴,chyel,0.0000
쳵,chyelk,0.0000
쳶,chyelm,0.0000
쳷,chyelb,0.0000
쳸,chyels,0.0000
쳹,chyelt,0.0000
쳺,chyelp,0.0000
쳻,chyelh,0.0000
쳼,chyem,0.0000
쳽,chyep,0.0000
쳾,chyeps,0.0000
쳿,chyet,0.0000
촀,chyet,0.0000
촁,chyeng,0.0000
촂,chyet,0.0000
촃,chyet,0.0000
촄,chyek,0.0000
촅,chyet,0.0000
촆,chyep,0.0000
촇,chyet,0.0000
촉,chok,0.0000
촊,chok,0.0000
촋,choks,0.0000
촌,chon,0.0000
촍,chonj,0.0000
촎,chonh,0.0000
촏,chot,0.0000
촐,chol,0.0000
촑,cholk,0.0000
촒,cholm,0.0000
촓,cholb,0.0000
촔,chols,0.0000
촕,cholt,0.0000
촖,cholp,0.0000
촗,cholh,0.0000
촘,chom,0.0000
촙,chop,0.0000
촚,chops,0.0000
촛,chot,0.0000
촜,chot,0.0000
청,chong,0.0000
촞,chot,0.0000
촟,chot,0.0000
촠,chok,0.0000
촡,chot,0.0000
촢,chop,0.0000
촣,chot,0.0000
촤,chwa,0.0000
촥,chwak,0.0000
촦,chwak,0.0000
촧,chwaks,0.0000
촨,chwan,0.0000
촩,chwanj,0.0000
촪,chwanh,0.0000
촫,chwat,0.0000
촬,chwal,0.0000
촭,chwalk,0.0000
촮,chwalm,0.0000
촯,chwalb,0.0000
촰,chwals,0.0000
촱,chwalt,0.0000
촲,chwalp,0.0000
촳,chwalh,0.0000
촴,chwam,0.0000
촵,chwap,0.0000
촶,chwaps,0.0000
촷,chwat,0.0000
촸,chwat,0.0000
촹,chwang,0.0000
촺,chwat,0.0000
촻,chwat,0.0000
촼,chwak,0.0000
촽,chwat,0.0000
촾,chwap,0.0000
촿,chwat,0.0000
쵀,chwae,0.0000
쵁,chwaek,0.0000
쵂,chwaek,0.0000
쵃,chwaeks,0.0000
쵄,chwaen,0.0000
쵅,chwaenj,0.0000
쵆,chwaenh,0.0000
쵇,chwaet,0.0000
쵈,chwael,0.0000
쵉,chwaelk,0.0000
쵊,chwaelm,0.0000
쵋,chwaelb,0.0000
쵌,chwaels,0.0000
쵍,chwaelt,0.0000
쵎,chwaelp,0.0000
쵏,chwaelh,0.0000
쵐,chwaem,0.0000
쵑,chwaep,0.0000
쵒,chwaeps,0.0000
쵓,chwaet,0.0000
쵔,chwaet,0.0000
쵕,chwaeng,0.0000
쵖,chwaet,0.0000
쵗,chwaet,0.0000
쵘,chwaek,0.0000
쵙,chwaet,0.0000
쵚,chwaep,0.0000
쵛,chwaet,0.0000
최,choe,0.0000
쵝,choek,0.0000
쵞,choek,0.0000
쵟,choeks,0.0000
쵠,choen,0.0000
쵡,choenj,0.0000
쵢,choenh,0.0000
쵣,choet,0.0000
쵤,choel,0.0000
쵥,choelk,0.0000
쵦,choelm,0.0000
쵧,choelb,0.0000
쵨,choels,0.0000
쵩,choelt,0.0000
쵪,choelp,0.0000
쵫,choelh,0.0000
쵬,choem,0.0000
쵭,choep,0.0000
쵮,choeps,0.0000
쵯,choet,0.0000
쵰,choet,0.0000
쵱,choeng,0.0000
쵲,choet,0.0000
쵳,choet,0.0000
쵴,choek,0.0000
쵵,choet,0.0000
쵶,choep,0.0000
쵷,choet,0.0000
쵸,chyo,0.0000
쵹,chyok,0.0000
쵺,chyok,0.0000
쵻,chyoks,0.0000
쵼,chyon,0.0000
쵽,chyonj,0.0000
쵾,chyonh,0.0000
쵿,chyot,0.0000
춀,chyol,0.0000
춁,chyolk,0.0000
춂,chyolm,0.0000
춃,chyolb,0.0000
춄,chyols,0.0000
춅,chyolt,0.0000
춆,chyolp,0.0000
춇,chyolh,0.0000
춈,chyom,0.0000
춉,chyop,0.0000
춊,chyops,0.0000
춋,chyot,0.0000
춌,chyot,0.0000
춍,chyong,0.0000
춎,chyot,0.0000
춏,chyot,0.0000
춐,chyok,0.0000
춑,chyot,0.0000
춒,chyop,0.0000
춓,chyot,0.0000
추,chu,0.0000
축,chuk,0.0000
춖,chuk,0.0000
춗,chuks,0.0000
춙,chunj,0.0000
춚,chunh,0.0000
춛,chut,0.0000
춝,chulk,0.0000
춞,chulm,0.0000
춟,chulb,0.0000
춠,chuls,0.0000
춡,chult,0.0000
춢,chulp,0.0000
춣,chulh,0.0000
춤,chum,0.0000
춥,chup,0.0000
춦,chups,0.0000
춧,chut,0.0000
춨,chut,0.0000
춪,chut,0.0000
춫,chut,0.0000
춬,chuk,0.0000
춭,chut,0.0000
춮,chup,0.0000
춯,chut,0.0000
춰,chwo,0.0000
춱,chwok,0.0000
춲,chwok,0.0000
춳,chwoks,0.0000
춴,chwon,0.0000
춵,chwonj,0.0000
춶,chwonh,0.0000
춷,chwot,0.0000
춸,chwol,0.0000
춹,chwolk,0.0000
춺,chwolm,0.0000
춻,chwolb,0.0000
춼,chwols,0.0000
춽,chwolt,0.0000
춾,chwolp,0.0000
춿,chwolh,0.0000
췀,chwom,0.0000
췁,chwop,0.0000
췂,chwops,0.0000
췃,chwot,0.0000
췄,chwot,0.0000
췅,chwong,0.0000
췆,chwot,0.0000
췇,chwot,0.0000
췈,chwok,0.0000
췉,chwot,0.0000
췊,chwop,0.0000
췋,chwot,0.0000
췌,chwe,0.0000
췍,chwek,0.0000
췎,chwek,0.0000
췏,chweks,0.0000
췐,chwen,0.0000
췑,chwenj,0.0000
췒,chwenh,0.0000
췓,chwet,0.0000
췔,chwel,0.0000
췕,chwelk,0.0000
췖,chwelm,0.0000
췗,chwelb,0.0000
췘,chwels,0.0000
췙,chwelt,0.0000
췚,chwelp,0.0000
췛,chwelh,0.0000
췜,chwem,0.0000
췝,chwep,0.0000
췞,chweps,0.0000
췟,chwet,0.0000
췠,chwet,0.0000
췡,chweng,0.0000
췢,chwet,0.0000
췣,chwet,0.0000
췤,chwek,0.0000
췥,chwet,0.0000
췦,chwep,0.0000
췧,chwet,0.0000
취,chwi,0.0000
췩,chwik,0.0000
췪,chwik,0.0000
췫,chwiks,0.0000
췬,chwin,0.0000
췭,chwinj,0.0000
췮,chwinh,0.0000
췯,chwit,0.0000
췰,chwil,0.0000
췱,chwilk,0.0000
췲,chwilm,0.0000
췳,chwilb,0.0000
췴,chwils,0.0000
췵,chwilt,0.0000
췶,chwilp,0.0000
췷,chwilh,0.0000
췸,chwim,0.0000
췹,chwip,0.0000
췺,chwips,0.0000
췻,chwit,0.0000
췼,chwit,0.0000
췽,chwing,0.0000
췾,chwit,0.0000
췿,chwit,0.0000
츀,chwik,0.0000
츁,chwit,0.0000
츂,chwip,0.0000
츃,chwit,0.0000
츄,chyu,0.0000
츅,chyuk,0.0000
츆,chyuk,0.0000
츇,chyuks,0.0000
츈,chyun,0.0000
츉,chyunj,0.0000
츊,chyunh,0.0000
츋,chyut,0.0000
츌,chyul,0.0000
츍,chyulk,0.0000
츎,chyulm,0.0000
츏,chyulb,0.0000
츐,chyuls,0.0000
츑,chyult,0.0000
츒,chyulp,0.0000
츓,chyulh,0.0000
츔,chyum,0.0000
츕,chyup,0.0000
츖,chyups,0.0000
츗,chyut,0.0000
츘,chyut,0.0000
츙,chyung,0.0000
츚,chyut,0.0000
츛,chyut,0.0000
츜,chyuk,0.0000
츝,chyut,0.0000
츞,chyup,0.0000
츟,chyut,0.0000
츠,cheu,0.0000
측,cheuk,0.0000
츢,cheuk,0.0000
츣,cheuks,0.0000
츤,cheun,0.0000
츥,cheunj,0.0000
츦,cheunh,0.0000
츧,cheut,0.0000
츨,cheul,0.0000
츩,cheulk,0.0000
츪,cheulm,0.0000
츫,cheulb,0.0000
츬,cheuls,0.0000
츭,cheult,0.0000
츮,cheulp,0.0000
츯,cheulh,0.0000
츰,cheum,0.0000
츱,cheup,0.0000
츲,cheups,0.0000
츳,cheut,0.0000
츴,cheut,0.0000
층,cheung,0.0000
츶,cheut,0.0000
츷,cheut,0.0000
츸,cheuk,0.0000
츹,cheut,0.0000
츺,cheup,0.0000
츻,cheut,0.0000
츼,chui,0.0000
츽,chuik,0.0000
츾,chuik,0.0000
츿,chuiks,0.0000
칀,chuin,0.0000
칁,chuinj,0.0000
칂,chuinh,0.0000
칃,chuit,0.0000
칄,chuil,0.0000
칅,chuilk,0.0000
칆,chuilm,0.0000
칇,chuilb,0.0000
칈,chuils,0.0000
칉,chuilt,0.0000
칊,chuilp,0.0000
칋,chuilh,0.0000
칌,chuim,0.0000
칍,chuip,0.0000
칎,chuips,0.0000
칏,chuit,0.0000
칐,chuit,0.0000
칑,chuing,0.0000
칒,chuit,0.0000
칓,chuit,0.0000
칔,chuik,0.0000
칕,chuit,0.0000
칖,chuip,0.0000
칗,chuit,0.0000
치,chi,0.0000
칙,chik,0.0000
칚,chik,0.0000
칛,chiks,0.0000
친,chin,0.0000
칝,chinj,0.0000
칞,chinh,0.0000
칟,chit,0.0000
칠,chil,0.0000
칡,chilk,0.0000
칢,chilm,0.0000
칣,chilb,0.0000
칤,chils,0.0000
칥,chilt,0.0000
칦,chilp,0.0000
칧,chilh,0.0000
침,chim,0.0000
칩,chip,0.0000
칪,chips,0.0000
칫,chit,0.0000
칬,chit,0.0000
칭,ching,0.0000
칮,chit,0.0000
칯,chit,0.0000
칰,chik,0.0000
칱,chit,0.0000
칲,chip,0.0000
칳,chit,0.0000
카,ka,0.0000
칵,kak,0.0000
칶,kak,0.0000
칷,kaks,0.0000
칸,kan,0.0000
칹,kanj,0.0000
칺,kanh,0.0000
칻,kat,0.0000
칼,kal,0.0000
칽,kalk,0.0000
칾,kalm,0.0000
칿,kalb,0.0000
캀,kals,0.0000
캁,kalt,0.0000
캂,kalp,0.0000
캃,kalh,0.0000
캄,kam,0.0000
캅,kap,0.0000
캆,kaps,0.0000
캇,kat,0.0000
캈,kat,0.0000
캊,kat,0.0000
캋,kat,0.0000
캌,kak,0.0000
캍,kat,0.0000
캎,kap,0.0000
캏,kat,0.0000
캐,kae,0.0000
캑,kaek,0.0000
캒,kaek,0.0000
캓,kaeks,0.0000
캔,kaen,0.0000
캕,kaenj,0.0000
캖,kaenh,0.0000
캗,kaet,0.0000
캘,kael,0.0000
캙,kaelk,0.0000
캚,kaelm,0.0000
캛,kaelb,0.0000
캜,kaels,0.0000
캝,kaelt,0.0000
캞,kaelp,0.0000
캟,kaelh,0.0000
캠,kaem,0.0000
캡,kaep,0.0000
캢,kaeps,0.0000
캣,kaet,0.0000
캤,kaet,0.0000
캥,kaeng,0.0000
캦,kaet,0.0000
캧,kaet,0.0000
캨,kaek,0.0000
캩,kaet,0.0000
캪,kaep,0.0000
캫,kaet,0.0000
캬,kya,0.0000
캭,kyak,0.0000
캮,kyak,0.0000
캯,kyaks,0.0000
캰,kyan,0.0000
캱,kyanj,0.0000
캲,kyanh,0.0000
캳,kyat,0.0000
캴,kyal,0.0000
캵,kyalk,0.0000
캶,kyalm,0.0000
캷,kyalb,0.0000
캸,kyals,0.0000
캹,kyalt,0.0000
캺,kyalp,0.0000
캻,kyalh,0.0000
캼,kyam,0.0000
캽,kyap,0.0000
캾,kyaps,0.0000
캿,kyat,0.0000
컀,kyat,0.0000
컁,kyang,0.0000
컂,kyat,0.0000
컃,kyat,0.0000
컄,kyak,0.0000
컅,kyat,0.0000
컆,kyap,0.0000
컇,kyat,0.0000
컈,kyae,0.0000
컉,kyaek,0.0000
컊,kyaek,0.0000
컋,kyaeks,0.0000
컌,kyaen,0.0000
컍,kyaenj,0.0000
컎,kyaenh,0.0000
컏,kyaet,0.0000
컐,kyael,0.0000
컑,kyaelk,0.0000
컒,kyaelm,0.0000
컓,kyaelb,0.0000
컔,kyaels,0.0000
컕,kyaelt,0.0000
컖,kyaelp,0.0000
컗,kyaelh,0.0000
컘,kyaem,0.0000
컙,kyaep,0.0000
컚,kyaeps,0.0000
컛,kyaet,0.0000
컜,kyaet,0.0000
컝,kyaeng,0.0000
컞,kyaet,0.0000
컟,kyaet,0.0000
컠,kyaek,0.0000
컡,kyaet,0.0000
컢,kyaep,0.0000
컣,kyaet,0.0000
커,keo,0.0000
컥,keok,0.0000
컦,keok,0.0000
컧,keoks,0.0000
컨,keon,0.0000
컩,keonj,0.0000
컪,keonh,0.0000
컫,keot,0.0000
컬,keol,0.0000
컭,keolk,0.0000
컮,keolm,0.0000
컯,keolb,0.0000
컰,keols,0.0000
컱,keolt,0.0000
컲,keolp,0.0000
컳,keolh,0.0000
컴,keom,0.0000
컵,keop,0.0000
컶,keops,0.0000
컷,keot,0.0000
컸,keot,0.0000
컹,keong,0.0000
컺,keot,0.0000
컻,keot,0.0000
컼,keok,0.0000
컽,keot,0.0000
컾,keop,0.0000
컿,keot,0.0000
케,ke,0.0000
켁,kek,0.0000
켂,kek,0.0000
켃,keks,0.0000
켄,ken,0.0000
켅,kenj,0.0000
켆,kenh,0.0000
켇,ket,0.0000
켈,kel,0.0000
켉,kelk,0.0000
켊,kelm,0.0000
켋,kelb,0.0000
켌,kels,0.0000
켍,kelt,0.0000
켎,kelp,0.0000
켏,kelh,0.0000
켐,kem,0.0000
켑,kep,0.0000
켒,keps,0.0000
켓,ket,0.0000
켔,ket,0.0000
켕,keng,0.0000
켖,ket,0.0000
켗,ket,0.0000
켘,kek,0.0000
켙,ket,0.0000
켚,kep,0.0000
켛,ket,0.0000
켜,kyeo,0.0000
켝,kyeok,0.0000
켞,kyeok,0.0000
켟,kyeoks,0.0000
켠,kyeon,0.0000
켡,kyeonj,0.0000
켢,kyeonh,0.0000
켣,kyeot,0.0000
켤,kyeol,0.0000
켥,kyeolk,0.0000
켦,kyeolm,0.0000
켧,kyeolb,0.0000
켨,kyeols,0.0000
켩,kyeolt,0.0000
켪,kyeolp,0.0000
켫,kyeolh,0.0000
켬,kyeom,0.0000
켭,kyeop,0.0000
켮,kyeops,0.0000
켯,kyeot,0.0000
켰,kyeot,0.0000
켱,kyeong,0.0000
켲,kyeot,0.0000
켳,kyeot,0.0000
켴,kyeok,0.0000
켵,kyeot,0.0000
켶,kyeop,0.0000
켷,kyeot,0.0000
켸,kye,0.0000
켹,kyek,0.0000
켺,kyek,0.0000
켻,kyeks,0.0000
켼,kyen,0.0000
켽,kyenj,0.0000
켾,kyenh,0.0000
켿,kyet,0.0000
콀,kyel,0.0000
콁,kyelk,0.0000
콂,kyelm,0.0000
콃,kyelb,0.0000
콄,kyels,0.0000
콅,kyelt,0.0000
콆,kyelp,0.0000
콇,kyelh,0.0000
콈,kyem,0.0000
콉,kyep,0.0000
콊,kyeps,0.0000
콋,kyet,0.0000
콌,kyet,0.0000
콍,kyeng,0.0000
콎,kyet,0.0000
콏,kyet,0.0000
콐,kyek,0.0000
콑,kyet,0.0000
콒,kyep,0.0000
콓,kyet,0.0000
콕,kok,0.0000
콖,kok,0.0000
콗,koks,0.0000
콘,kon,0.0000
콙,konj,0.0000
콚,konh,0.0000
콛,kot,0.0000
콜,kol,0.0000
콝,kolk,0.0000
콞,kolm,0.0000
콟,kolb,0.0000
콠,kols,0.0000
콡,kolt,0.0000
콢,kolp,0.0000
콣,kolh,0.0000
콤,kom,0.0000
콥,kop,0.0000
콦,kops,0.0000
콧,kot,0.0000
콨,kot,0.0000
콪,kot,0.0000
콫,kot,0.0000
콬,kok,0.0000
콭,kot,0.0000
콮,kop,0.0000
콯,kot,0.0000
콰,kwa,0.0000
콳,kwaks,0.0000
콴,kwan,0.0000
콵,kwanj,0.0000
콶,kwanh,0.0000
콷,kwat,0.0000
콸,kwal,0.0000
콹,kwalk,0.0000
콺,kwalm,0.0000
콻,kwalb,0.0000
콼,kwals,0.0000
콽,kwalt,0.0000
콾,kwalp,0.0000
콿,kwalh,0.0000
쾀,kwam,0.0000
쾁,kwap,0.0000
쾂,kwaps,0.0000
쾃,kwat,0.0000
쾄,kwat,0.0000
쾅,kwang,0.0000
쾆,kwat,0.0000
쾇,kwat,0.0000
쾉,kwat,0.0000
쾊,kwap,0.0000
쾋,kwat,0.0000
쾌,kwae,0.0000
쾍,kwaek,0.0000
쾎,kwaek,0.0000
쾏,kwaeks,0.0000
쾐,kwaen,0.0000
쾑,kwaenj,0.0000
쾒,kwaenh,0.0000
쾓,kwaet,0.0000
쾔,kwael,0.0000
쾕,kwaelk,0.0000
쾖,kwaelm,0.0000
쾗,kwaelb,0.0000
쾘,kwaels,0.0000
쾙,kwaelt,0.0000
쾚,kwaelp,0.0000
쾛,kwaelh,0.0000
쾜,kwaem,0.0000
쾝,kwaep,0.0000
쾞,kwaeps,0.0000
쾟,kwaet,0.0000
쾠,kwaet,0.0000
쾡,kwaeng,0.0000
쾢,kwaet,0.0000
쾣,kwaet,0.0000
쾤,kwaek,0.0000
쾥,kwaet,0.0000
쾦,kwaep,0.0000
쾧,kwaet,0.0000
쾨,koe,0.0000
쾩,koek,0.0000
쾪,koek,0.0000
쾫,koeks,0.0000
쾬,koen,0.0000
쾭,koenj,0.0000
쾮,koenh,0.0000
쾯,koet,0.0000
쾰,koel,0.0000
쾱,koelk,0.0000
쾲,koelm,0.0000
쾳,koelb,0.0000
쾴,koels,0.0000
쾵,koelt,0.0000
쾶,koelp,0.0000
쾷,koelh,0.0000
쾸,koem,0.0000
쾹,koep,0.0000
쾺,koeps,0.0000
쾻,koet,0.0000
쾼,koet,0.0000
쾽,koeng,0.0000
쾾,koet,0.0000
쾿,koet,0.0000
쿀,koek,0.0000
쿁,koet,0.0000
쿂,koep,0.0000
쿃,koet,0.0000
쿅,kyok,0.0000
쿆,kyok,0.0000
쿇,kyoks,0.0000
쿈,kyon,0.0000
쿉,kyonj,0.0000
쿊,kyonh,0.0000
쿋,kyot,0.0000
쿌,kyol,0.0000
쿍,kyolk,0.0000
쿎,kyolm,0.0000
쿏,kyolb,0.0000
쿐,kyols,0.0000
쿑,kyolt,0.0000
쿒,kyolp,0.0000
쿓,kyolh,0.0000
쿔,kyom,0.0000
쿕,kyop,0.0000
쿖,kyops,0.0000
쿗,kyot,0.0000
쿘,kyot,0.0000
쿙,kyong,0.0000
쿚,kyot,0.0000
쿛,kyot,0.0000
쿜,kyok,0.0000
쿝,kyot,0.0000
쿞,kyop,0.0000
쿟,kyot,0.0000
쿡,kuk,0.0000
쿢,kuk,0.0000
쿣,kuks,0.0000
쿤,kun,0.0000
쿥,kunj,0.0000
쿦,kunh,0.0000
쿧,kut,0.0000
쿨,kul,0.0000
쿩,kulk,0.0000
쿪,kulm,0.0000
쿫,kulb,0.0000
쿬,kuls,0.0000
쿭,kult,0.0000
쿮,kulp,0.0000
쿯,kulh,0.0000
쿰,kum,0.0000
쿱,kup,0.0000
쿲,kups,0.0000
쿳,kut,0.0000
쿴,kut,0.0000
쿵,kung,0.0000
쿶,kut,0.0000
쿷,kut,0.0000
쿸,kuk,0.0000
쿹,kut,0.0000
쿺,kup,0.0000
쿻,kut,0.0000
쿼,kwo,0.0000
쿽,kwok,0.0000
쿾,kwok,0.0000
쿿,kwoks,0.0000
퀁,kwonj,0.0000
퀂,kwonh,0.0000
퀃,kwot,0.0000
퀄,kwol,0.0000
퀅,kwolk,0.0000
퀆,kwolm,0.0000
퀇,kwolb,0.0000
퀈,kwols,0.0000
퀉,kwolt,0.0000
퀊,kwolp,0.0000
퀋,kwolh,0.0000
퀌,kwom,0.0000
퀍,kwop,0.0000
퀎,kwops,0.0000
퀏,kwot,0.0000
퀐,kwot,0.0000
퀑,kwong,0.0000
퀒,kwot,0.0000
퀓,kwot,0.0000
퀔,kwok,0.0000
퀕,kwot,0.0000
퀖,kwop,0.0000
퀗,kwot,0.0000
퀘,kwe,0.0000
퀙,kwek,0.0000
퀚,kwek,0.0000
퀛,kweks,0.0000
퀜,kwen,0.0000
퀝,kwenj,0.0000
퀞,kwenh,0.0000
퀟,kwet,0.0000
퀠,kwel,0.0000
퀡,kwelk,0.0000
퀢,kwelm,0.0000
퀣,kwelb,0.0000
퀤,kwels,0.0000
퀥,kwelt,0.0000
퀦,kwelp,0.0000
퀧,kwelh,0.0000
퀨,kwem,0.0000
퀩,kwep,0.0000
퀪,kweps,0.0000
퀫,kwet,0.0000
퀬,kwet,0.0000
퀭,kweng,0.0000
퀮,kwet,0.0000
퀯,kwet,0.0000
퀰,kwek,0.0000
퀱,kwet,0.0000
퀲,kwep,0.0000
퀳,kwet,0.0000
퀴,kwi,0.0000
퀵,kwik,0.0000
퀶,kwik,0.0000
퀷,kwiks,0.0000
퀸,kwin,0.0000
퀹,kwinj,0.0000
퀺,kwinh,0.0000
퀻,kwit,0.0000
퀼,kwil,0.0000
퀽,kwilk,0.0000
퀾,kwilm,0.0000
퀿,kwilb,0.0000
큀,kwils,0.0000
큁,kwilt,0.0000
큂,kwilp,0.0000
큃,kwilh,0.0000
큄,kwim,0.0000
큅,kwip,0.0000
큆,kwips,0.0000
큇,kwit,0.0000
큈,kwit,0.0000
큉,kwing,0.0000
큊,kwit,0.0000
큋,kwit,0.0000
큌,kwik,0.0000
큍,kwit,0.0000
큎,kwip,0.0000
큏,kwit,0.0000
큑,kyuk,0.0000
큒,kyuk,0.0000
큓,kyuks,0.0000
균,kyun,0.0000
큕,kyunj,0.0000
큖,kyunh,0.0000
큗,kyut,0.0000
큘,kyul,0.0000
큙,kyulk,0.0000
큚,kyulm,0.0000
큛,kyulb,0.0000
큜,kyuls,0.0000
큝,kyult,0.0000
큞,kyulp,0.0000
큟,kyulh,0.0000
큠,kyum,0.0000
큡,kyup,0.0000
큢,kyups,0.0000
큣,kyut,0.0000
큤,kyut,0.0000
큦,kyut,0.0000
큧,kyut,0.0000
큨,kyuk,0.0000
큩,kyut,0.0000
큪,kyup,0.0000
큫,kyut,0.0000
크,keu,0.0000
큭,keuk,0.0000
큮,keuk,0.0000
큯,keuks,0.0000
큰,keun,0.0000
큱,keunj,0.0000
큲,keunh,0.0000
큳,keut,0.0000
클,keul,0.0000
큵,keulk,0.0000
큶,keulm,0.0000
큷,keulb,0.0000
큸,keuls,0.0000
큹,keult,0.0000
큺,keulp,0.0000
큻,keulh,0.0000
큼,keum,0.0000
큽,keup,0.0000
큾,keups,0.0000
큿,keut,0.0000
킀,keut,0.0000
킁,keung,0.0000
킂,keut,0.0000
킃,keut,0.0000
킄,keuk,0.0000
킅,keut,0.0000
킆,keup,0.0000
킇,keut,0.0000
킈,kui,0.0000
킉,kuik,0.0000
킊,kuik,0.0000
킋,kuiks,0.0000
킌,kuin,0.0000
킍,kuinj,0.0000
킎,kuinh,0.0000
킏,kuit,0.0000
킐,kuil,0.0000
킑,kuilk,0.0000
킒,kuilm,0.0000
킓,kuilb,0.0000
킔,kuils,0.0000
킕,kuilt,0.0000
킖,kuilp,0.0000
킗,kuilh,0.0000
킘,kuim,0.0000
킙,kuip,0.0000
킚,kuips,0.0000
킛,kuit,0.0000
킜,kuit,0.0000
킝,kuing,0.0000
킞,kuit,0.0000
킟,kuit,0.0000
킠,kuik,0.0000
킡,kuit,0.0000
킢,kuip,0.0000
킣,kuit,0.0000
킥,kik,0.0000
킦,kik,0.0000
킧,kiks,0.0000
킨,kin,0.0000
킩,kinj,0.0000
킪,kinh,0.0000
킫,kit,0.0000
킬,kil,0.0000
킭,kilk,0.0000
킮,kilm,0.0000
킯,kilb,0.0000
킰,kils,0.0000
킱,kilt,0.0000
킲,kilp,0.0000
킳,kilh,0.0000
킵,kip,0.0000
킶,kips,0.0000
킷,kit,0.0000
킸,kit,0.0000
킹,king,0.0000
킺,kit,0.0000
킻,kit,0.0000
킼,kik,0.0000
킽,kit,0.0000
킾,kip,0.0000
킿,kit,0.0000
타,ta,0.0000
탁,tak,0.0000
탂,tak,0.0000
탃,taks,0.0000
탄,tan,0.0000
탅,tanj,0.0000
탆,tanh,0.0000
탇,tat,0.0000
탈,tal,0.0000
탉,talk,0.0000
탊,talm,0.0000
탋,talb,0.0000
탌,tals,0.0000
탍,talt,0.0000
탎,talp,0.0000
탏,talh,0.0000
탐,tam,0.0000
탑,tap,0.0000
탒,taps,0.0000
탓,tat,0.0000
탔,tat,0.0000
탕,tang,0.0000
탖,tat,0.0000
탗,tat,0.0000
탘,tak,0.0000
탙,tat,0.0000
탚,tap,0.0000
탛,tat,0.0000
태,tae,0.0000
택,taek,0.0000
탞,taek,0.0000
탟,taeks,0.0000
탠,taen,0.0000
탡,taenj,0.0000
탢,taenh,0.0000
탣,taet,0.0000
탤,tael,0.0000
탥,taelk,0.0000
탦,taelm,0.0000
탧,taelb,0.0000
탨,taels,0.0000
탩,taelt,0.0000
탪,taelp,0.0000
탫,taelh,0.0000
탬,taem,0.0000
탭,taep,0.0000
탮,taeps,0.0000
탯,taet,0.0000
탰,taet,0.0000
탱,taeng,0.0000
탲,taet,0.0000
탳,taet,0.0000
탵,taet,0.0000
탶,taep,0.0000
탷,taet,0.0000
탸,tya,0.0000
탹,tyak,0.0000
탺,tyak,0.0000
탻,tyaks,0.0000
탼,tyan,0.0000
탽,tyanj,0.0000
탾,tyanh,0.0000
탿,tyat,0.0000
턀,tyal,0.0000
턁,tyalk,0.0000
턂,tyalm,0.0000
턃,tyalb,0.0000
턄,tyals,0.0000
턅,tyalt,0.0000
턆,tyalp,0.0000
턇,tyalh,0.0000
턈,tyam,0.0000
턉,tyap,0.0000
턊,tyaps,0.0000
턋,tyat,0.0000
턌,tyat,0.0000
턍,tyang,0.0000
턎,tyat,0.0000
턏,tyat,0.0000
턐,tyak,0.0000
턑,tyat,0.0000
턒,tyap,0.0000
턓,tyat,0.0000
턔,tyae,0.0000
턕,tyaek,0.0000
턖,tyaek,0.0000
턗,tyaeks,0.0000
턘,tyaen,0.0000
턙,tyaenj,0.0000
턚,tyaenh,0.0000
턛,tyaet,0.0000
턜,tyael,0.0000
턝,tyaelk,0.0000
턞,tyaelm,0.0000
턟,tyaelb,0.0000
턠,tyaels,0.0000
턡,tyaelt,0.0000
턢,tyaelp,0.0000
턣,tyaelh,0.0000
턤,tyaem,0.0000
턥,tyaep,0.0000
턦,tyaeps,0.0000
턧,tyaet,0.0000
턨,tyaet,0.0000
턩,tyaeng,0.0000
턪,tyaet,0.0000
턫,tyaet,0.0000
턬,tyaek,0.0000
턭,tyaet,0.0000
턮,tyaep,0.0000
턯,tyaet,0.0000
터,teo,0.0000
턱,teok,0.0000
턲,teok,0.0000
턳,teoks,0.0000
턴,teon,0.0000
턵,teonj,0.0000
턶,teonh,0.0000
턷,teot,0.0000
털,teol,0.0000
턹,teolk,0.0000
턺,teolm,0.0000
턻,teolb,0.0000
턼,teols,0.0000
턽,teolt,0.0000
턾,teolp,0.0000
턿,teolh,0.0000
텀,teom,0.0000
텁,teop,0.0000
텂,teops,0.0000
텃,teot,0.0000
텄,teot,0.0000
텅,teong,0.0000
텆,teot,0.0000
텇,teot,0.0000
텈,teok,0.0000
텉,teot,0.0000
텊,teop,0.0000
텋,teot,0.0000
테,te,0.0000
텍,tek,0.0000
텎,tek,0.0000
텏,teks,0.0000
텐,ten,0.0000
텑,tenj,0.0000
텒,tenh,0.0000
텓,tet,0.0000
텔,tel,0.0000
텕,telk,0.0000
텖,telm,0.0000
텗,telb,0.0000
텘,tels,0.0000
텙,telt,0.0000
텚,telp,0.0000
텛,telh,0.0000
템,tem,0.0000
텝,tep,0.0000
텞,teps,0.0000
텟,tet,0.0000
텠,tet,0.0000
텡,teng,0.0000
텢,tet,0.0000
텣,tet,0.0000
텤,tek,0.0000
텥,tet,0.0000
텦,tep,0.0000
텧,tet,0.0000
텨,tyeo,0.0000
텩,tyeok,0.0000
텪,tyeok,0.0000
텫,tyeoks,0.0000
텬,tyeon,0.0000
텭,tyeonj,0.0000
텮,tyeonh,0.0000
텯,tyeot,0.0000
텰,tyeol,0.0000
텱,tyeolk,0.0000
텲,tyeolm,0.0000
텳,tyeolb,0.0000
텴,tyeols,0.0000
텵,tyeolt,0.0000
텶,tyeolp,0.0000
텷,tyeolh,0.0000
텸,tyeom,0.0000
텹,tyeop,0.0000
텺,tyeops,0.0000
텻,tyeot,0.0000
텼,tyeot,0.0000
텽,tyeong,0.0000
텾,tyeot,0.0000
텿,tyeot,0.0000
톀,tyeok,0.0000
톁,tyeot,0.0000
톂,tyeop,0.0000
톃,tyeot,0.0000
톄,tye,0.0000
톅,tyek,0.0000
톆,tyek,0.0000
톇,tyeks,0.0000
톈,tyen,0.0000
톉,tyenj,0.0000
톊,tyenh,0.0000
톋,tyet,0.0000
톌,tyel,0.0000
톍,tyelk,0.0000
톎,tyelm,0.0000
톏,tyelb,0.0000
톐,tyels,0.0000
톑,tyelt,0.0000
톒,tyelp,0.0000
톓,tyelh,0.0000
톔,tyem,0.0000
톕,tyep,0.0000
톖,tyeps,0.0000
톗,tyet,0.0000
톘,tyet,0.0000
톙,tyeng,0.0000
톚,tyet,0.0000
톛,tyet,0.0000
톜,tyek,0.0000
톝,tyet,0.0000
톞,tyep,0.0000
톟,tyet,0.0000
토,to,0.0000
톡,tok,0.0000
톢,tok,0.0000
톣,toks,0.0000
톤,ton,0.0000
톥,tonj,0.0000
톦,tonh,0.0000
톧,tot,0.0000
톨,tol,0.0000
톩,tolk,0.0000
톪,tolm,0.0000
톫,tolb,0.0000
톬,tols,0.0000
톭,tolt,0.0000
톮,tolp,0.0000
톯,tolh,0.0000
톰,tom,0.0000
톱,top,0.0000
톲,tops,0.0000
톳,tot,0.0000
톴,tot,0.0000
통,tong,0.0000
톶,tot,0.0000
톷,tot,0.0000
톸,tok,0.0000
톹,tot,0.0000
톺,top,0.0000
톻,tot,0.0000
톼,twa,0.0000
톽,twak,0.0000
톾,twak,0.0000
톿,twaks,0.0000
퇀,twan,0.0000
퇁,twanj,0.0000
퇂,twanh,0.0000
퇃,twat,0.0000
퇄,twal,0.0000
퇅,twalk,0.0000
퇆,twalm,0.0000
퇇,twalb,0.0000
퇈,twals,0.0000
퇉,twalt,0.0000
퇊,twalp,0.0000
퇋,twalh,0.0000
퇌,twam,0.0000
퇍,twap,0.0000
퇎,twaps,0.0000
퇏,twat,0.0000
퇐,twat,0.0000
퇑,twang,0.0000
퇒,twat,0.0000
퇓,twat,0.0000
퇔,twak,0.0000
퇕,twat,0.0000
퇖,twap,0.0000
퇗,twat,0.0000
퇘,twae,0.0000
퇙,twaek,0.0000
퇚,twaek,0.0000
퇛,twaeks,0.0000
퇜,twaen,0.0000
퇝,twaenj,0.0000
퇞,twaenh,0.0000
퇟,twaet,0.0000
퇠,twael,0.0000
퇡,twaelk,0.0000
퇢,twaelm,0.0000
퇣,twaelb,0.0000
퇤,twaels,0.0000
퇥,twaelt,0.0000
퇦,twaelp,0.0000
퇧,twaelh,0.0000
퇨,twaem,0.0000
퇩,twaep,0.0000
퇪,twaeps,0.0000
퇫,twaet,0.0000
퇬,twaet,0.0000
퇭,twaeng,0.0000
퇮,twaet,0.0000
퇯,twaet,0.0000
퇰,twaek,0.0000
퇱,twaet,0.0000
퇲,twaep,0.0000
퇳,twaet,0.0000
퇴,toe,0.0000
퇵,toek,0.0000
퇶,toek,0.0000
퇷,toeks,0.0000
퇸,toen,0.0000
퇹,toenj,0.0000
퇺,toenh,0.0000
퇻,toet,0.0000
퇼,toel,0.0000
퇽,toelk,0.0000
퇾,toelm,0.0000
퇿,toelb,0.0000
툀,toels,0.0000
툁,toelt,0.0000
툂,toelp,0.0000
툃,toelh,0.0000
툄,toem,0.0000
툅,toep,0.0000
툆,toeps,0.0000
툇,toet,0.0000
툈,toet,0.0000
툉,toeng,0.0000
툊,toet,0.0000
툋,toet,0.0000
툌,toek,0.0000
툍,toet,0.0000
툎,toep,0.0000
툏,toet,0.0000
툐,tyo,0.0000
툑,tyok,0.0000
툒,tyok,0.0000
툓,tyoks,0.0000
툔,tyon,0.0000
툕,tyonj,0.0000
툖,tyonh,0.0000
툗,tyot,0.0000
툘,tyol,0.0000
툙,tyolk,0.0000
툚,tyolm,0.0000
툛,tyolb,0.0000
툜,tyols,0.0000
툝,tyolt,0.0000
툞,tyolp,0.0000
툟,tyolh,0.0000
툠,tyom,0.0000
툡,tyop,0.0000
툢,tyops,0.0000
툣,tyot,0.0000
툤,tyot,0.0000
툥,tyong,0.0000
툦,tyot,0.0000
툧,tyot,0.0000
툨,tyok,0.0000
툩,tyot,0.0000
툪,tyop,0.0000
툫,tyot,0.0000
투,tu,0.0000
툭,tuk,0.0000
툮,tuk,0.0000
툯,tuks,0.0000
툰,tun,0.0000
툱,tunj,0.0000
툲,tunh,0.0000
툳,tut,0.0000
툴,tul,0.0000
툵,tulk,0.0000
툶,tulm,0.0000
툷,tulb,0.0000
툸,tuls,0.0000
툹,tult,0.0000
툺,tulp,0.0000
툻,tulh,0.0000
툼,tum,0.0000
툽,tup,0.0000
툾,tups,0.0000
툿,tut,0.0000
퉀,tut,0.0000
퉁,tung,0.0000
퉂,tut,0.0000
퉃,tut,0.0000
퉄,tuk,0.0000
퉅,tut,0.0000
퉆,tup,0.0000
퉇,tut,0.0000
퉈,two,0.0000
퉉,twok,0.0000
퉊,twok,0.0000
퉋,twoks,0.0000
퉌,twon,0.0000
퉍,twonj,0.0000
퉎,twonh,0.0000
퉏,twot,0.0000
퉐,twol,0.0000
퉑,twolk,0.0000
퉒,twolm,0.0000
퉓,twolb,0.0000
퉔,twols,0.0000
퉕,twolt,0.0000
퉖,twolp,0.0000
퉗,twolh,0.0000
퉘,twom,0.0000
퉙,twop,0.0000
퉚,twops,0.0000
퉛,twot,0.0000
퉜,twot,0.0000
퉝,twong,0.0000
퉞,twot,0.0000
퉟,twot,0.0000
퉠,twok,0.0000
퉡,twot,0.0000
퉢,twop,0.0000
퉣,twot,0.0000
퉤,twe,0.0000
퉥,twek,0.0000
퉦,twek,0.0000
퉧,tweks,0.0000
퉨,twen,0.0000
퉩,twenj,0.0000
퉪,twenh,0.0000
퉫,twet,0.0000
퉬,twel,0.0000
퉭,twelk,0.0000
퉮,twelm,0.0000
퉯,twelb,0.0000
퉰,twels,0.0000
퉱,twelt,0.0000
퉲,twelp,0.0000
퉳,twelh,0.0000
퉴,twem,0.0000
퉵,twep,0.0000
퉶,tweps,0.0000
퉷,twet,0.0000
퉸,twet,0.0000
퉹,tweng,0.0000
퉺,twet,0.0000
퉻,twet,0.0000
퉼,twek,0.0000
퉽,twet,0.0000
퉾,twep,0.0000
퉿,twet,0.0000
튀,twi,0.0000
튁,twik,0.0000
튂,twik,0.0000
튃,twiks,0.0000
튄,twin,0.0000
튅,twinj,0.0000
튆,twinh,0.0000
튇,twit,0.0000
튈,twil,0.0000
튉,twilk,0.0000
튊,twilm,0.0000
튋,twilb,0.0000
튌,twils,0.0000
튍,twilt,0.0000
튎,twilp,0.0000
튏,twilh,0.0000
튐,twim,0.0000
튑,twip,0.0000
튒,twips,0.0000
튓,twit,0.0000
튔,twit,0.0000
튕,twing,0.0000
튖,twit,0.0000
튗,twit,0.0000
튘,twik,0.0000
튙,twit,0.0000
튚,twip,0.0000
튛,twit,0.0000
튜,tyu,0.0000
튝,tyuk,0.0000
튞,tyuk,0.0000
튟,tyuks,0.0000
튠,tyun,0.0000
튡,tyunj,0.0000
튢,tyunh,0.0000
튣,tyut,0.0000
튤,tyul,0.0000
튥,tyulk,0.0000
튦,tyulm,0.0000
튧,tyulb,0.0000
튨,tyuls,0.0000
튩,tyult,0.0000
튪,tyulp,0.0000
튫,tyulh,0.0000
튬,tyum,0.0000
튭,tyup,0.0000
튮,tyups,0.0000
튯,tyut,0.0000
튰,tyut,0.0000
튱,tyung,0.0000
튲,tyut,0.0000
튳,tyut,0.0000
튴,tyuk,0.0000
튵,tyut,0.0000
튶,tyup,0.0000
튷,tyut,0.0000
트,teu,0.0000
특,teuk,0.0000
튺,teuk,0.0000
튻,teuks,0.0000
튼,teun,0.0000
튽,teunj,0.0000
튾,teunh,0.0000
튿,teut,0.0000
틀,teul,0.0000
틁,teulk,0.0000
틂,teulm,0.0000
틃,teulb,0.0000
틄,teuls,0.0000
틅,teult,0.0000
틆,teulp,0.0000
틇,teulh,0.0000
틈,teum,0.0000
틉,teup,0.0000
틊,teups,0.0000
틋,teut,0.0000
틌,teut,0.0000
틍,teung,0.0000
틎,teut,0.0000
틏,teut,0.0000
틐,teuk,0.0000
틑,teut,0.0000
틒,teup,0.0000
틓,teut,0.0000
틔,tui,0.0000
틕,tuik,0.0000
틖,tuik,0.0000
틗,tuiks,0.0000
틘,tuin,0.0000
틙,tuinj,0.0000
틚,tuinh,0.0000
틛,tuit,0.0000
틜,tuil,0.0000
틝,tuilk,0.0000
틞,tuilm,0.0000
틟,tuilb,0.0000
틠,tuils,0.0000
틡,tuilt,0.0000
틢,tuilp,0.0000
틣,tuilh,0.0000
틤,tuim,0.0000
틥,tuip,0.0000
틦,tuips,0.0000
틧,tuit,0.0000
틨,tuit,0.0000
틩,tuing,0.0000
틪,tuit,0.0000
틫,tuit,0.0000
틬,tuik,0.0000
틭,tuit,0.0000
틮,tuip,0.0000
틯,tuit,0.0000
티,ti,0.0000
틱,tik,0.0000
틲,tik,0.0000
틳,tiks,0.0000
틴,tin,0.0000
틵,tinj,0.0000
틶,tinh,0.0000
틷,tit,0.0000
틸,til,0.0000
틹,tilk,0.0000
틺,tilm,0.0000
틻,tilb,0.0000
틼,tils,0.0000
틽,tilt,0.0000
틾,tilp,0.0000
틿,tilh,0.0000
팀,tim,0.0000
팁,tip,0.0000
팂,tips,0.0000
팃,tit,0.0000
팄,tit,0.0000
팅,ting,0.0000
팆,tit,0.0000
팇,tit,0.0000
팈,tik,0.0000
팉,tit,0.0000
팊,tip,0.0000
팋,tit,0.0000
파,pa,0.0000
팏,paks,0.0000
판,pan,0.0000
팑,panj,0.0000
팒,panh,0.0000
팓,pat,0.0000
팔,pal,0.0000
팕,palk,0.0000
팖,palm,0.0000
팗,palb,0.0000
팘,pals,0.0000
팙,palt,0.0000
팚,palp,0.0000
팛,palh,0.0000
팜,pam,0.0000
팝,pap,0.0000
팞,paps,0.0000
팟,pat,0.0000
팠,pat,0.0000
팢,pat,0.0000
팣,pat,0.0000
팥,pat,0.0000
팦,pap,0.0000
팧,pat,0.0000
패,pae,0.0000
팫,paeks,0.0000
팬,paen,0.0000
팭,paenj,0.0000
팮,paenh,0.0000
팯,paet,0.0000
팰,pael,0.0000
팱,paelk,0.0000
팲,paelm,0.0000
팳,paelb,0.0000
팴,paels,0.0000
팵,paelt,0.0000
팶,paelp,0.0000
팷,paelh,0.0000
팸,paem,0.0000
팹,paep,0.0000
팺,paeps,0.0000
팻,paet,0.0000
팼,paet,0.0000
팽,paeng,0.0000
팾,paet,0.0000
팿,paet,0.0000
퍁,paet,0.0000
퍂,paep,0.0000
퍃,paet,0.0000
퍄,pya,0.0000
퍅,pyak,0.0000
퍆,pyak,0.0000
퍇,pyaks,0.0000
퍈,pyan,0.0000
퍉,pyanj,0.0000
퍊,pyanh,0.0000
퍋,pyat,0.0000
퍌,pyal,0.0000
퍍,pyalk,0.0000
퍎,pyalm,0.0000
퍏,pyalb,0.0000
퍐,pyals,0.0000
퍑,pyalt,0.0000
퍒,pyalp,0.0000
퍓,pyalh,0.0000
퍔,pyam,0.0000
퍕,pyap,0.0000
퍖,pyaps,0.0000
퍗,pyat,0.0000
퍘,pyat,0.0000
퍙,pyang,0.0000
퍚,pyat,0.0000
퍛,pyat,0.0000
퍜,pyak,0.0000
퍝,pyat,0.0000
퍞,pyap,0.0000
퍟,pyat,0.0000
퍠,pyae,0.0000
퍡,pyaek,0.0000
퍢,pyaek,0.0000
퍣,pyaeks,0.0000
퍤,pyaen,0.0000
퍥,pyaenj,0.0000
퍦,pyaenh,0.0000
퍧,pyaet,0.0000
퍨,pyael,0.0000
퍩,pyaelk,0.0000
퍪,pyaelm,0.0000
퍫,pyaelb,0.0000
퍬,pyaels,0.0000
퍭,pyaelt,0.0000
퍮,pyaelp,0.0000
퍯,pyaelh,0.0000
퍰,pyaem,0.0000
퍱,pyaep,0.0000
퍲,pyaeps,0.0000
퍳,pyaet,0.0000
퍴,pyaet,0.0000
퍵,pyaeng,0.0000
퍶,pyaet,0.0000
퍷,pyaet,0.0000
퍸,pyaek,0.0000
퍹,pyaet,0.0000
퍺,pyaep,0.0000
퍻,pyaet,0.0000
퍼,peo,0.0000
퍽,peok,0.0000
퍾,peok,0.0000
퍿,peoks,0.0000
펀,peon,0.0000
펁,peonj,0.0000
펂,peonh,0.0000
펃,peot,0.0000
펄,peol,0.0000
펅,peolk,0.0000
펆,peolm,0.0000
펇,peolb,0.0000
펈,peols,0.0000
펉,peolt,0.0000
펊,peolp,0.0000
펋,peolh,0.0000
펌,peom,0.0000
펍,peop,0.0000
펎,peops,0.0000
펏,peot,0.0000
펐,peot,0.0000
펑,peong,0.0000
펒,peot,0.0000
펓,peot,0.0000
펔,peok,0.0000
펕,peot,0.0000
펖,peop,0.0000
펗,peot,0.0000
페,pe,0.0000
펙,pek,0.0000
펚,pek,0.0000
펛,peks,0.0000
펜,pen,0.0000
펝,penj,0.0000
펞,penh,0.0000
펟,pet,0.0000
펠,pel,0.0000
펡,pelk,0.0000
펢,pelm,0.0000
펣,pelb,0.0000
펤,pels,0.0000
펥,pelt,0.0000
펦,pelp,0.0000
펧,pelh,0.0000
펨,pem,0.0000
펩,pep,0.0000
펪,peps,0.0000
펫,pet,0.0000
펬,pet,0.0000
펭,peng,0.0000
펮,pet,0.0000
펯,pet,0.0000
펰,pek,0.0000
펱,pet,0.0000
펲,pep,0.0000
펳,pet,0.0000
펴,pyeo,0.0000
펵,pyeok,0.0000
펶,pyeok,0.0000
펷,pyeoks,0.0000
편,pyeon,0.0000
펹,pyeonj,0.0000
펺,pyeonh,0.0000
펻,pyeot,0.0000
펼,pyeol,0.0000
펽,pyeolk,0.0000
펾,pyeolm,0.0000
펿,pyeolb,0.0000
폀,pyeols,0.0000
폁,pyeolt,0.0000
폂,pyeolp,0.0000
폃,pyeolh,0.0000
폄,pyeom,0.0000
폅,pyeop,0.0000
폆,pyeops,0.0000
폇,pyeot,0.0000
폈,pyeot,0.0000
평,pyeong,0.0000
폊,pyeot,0.0000
폋,pyeot,0.0000
폌,pyeok,0.0000
폍,pyeot,0.0000
폎,pyeop,0.0000
폏,pyeot,0.0000
폐,pye,0.0000
폑,pyek,0.0000
폒,pyek,0.0000
폓,pyeks,0.0000
폔,pyen,0.0000
폕,pyenj,0.0000
폖,pyenh,0.0000
폗,pyet,0.0000
폘,pyel,0.0000
폙,pyelk,0.0000
폚,pyelm,0.0000
폛,pyelb,0.0000
폜,pyels,0.0000
폝,pyelt,0.0000
폞,pyelp,0.0000
폟,pyelh,0.0000
폠,pyem,0.0000
폡,pyep,0.0000
폢,pyeps,0.0000
폣,pyet,0.0000
폤,pyet,0.0000
폥,pyeng,0.0000
폦,pyet,0.0000
폧,pyet,0.0000
폨,pyek,0.0000
폩,pyet,0.0000
폪,pyep,0.0000
폫,pyet,0.0000
포,po,0.0000
폭,pok,0.0000
폮,pok,0.0000
폯,poks,0.0000
폰,pon,0.0000
폱,ponj,0.0000
폲,ponh,0.0000
폳,pot,0.0000
폴,pol,0.0000
폵,polk,0.0000
폶,polm,0.0000
폷,polb,0.0000
폸,pols,0.0000
폹,polt,0.0000
폺,polp,0.0000
폻,polh,0.0000
폼,pom,0.0000
폽,pop,0.0000
폾,pops,0.0000
폿,pot,0.0000
퐀,pot,0.0000
퐁,pong,0.0000
퐂,pot,0.0000
퐃,pot,0.0000
퐄,pok,0.0000
퐅,pot,0.0000
퐆,pop,0.0000
퐇,pot,0.0000
퐈,pwa,0.0000
퐉,pwak,0.0000
퐊,pwak,0.0000
퐋,pwaks,0.0000
퐌,pwan,0.0000
퐍,pwanj,0.0000
퐎,pwanh,0.0000
퐏,pwat,0.0000
퐐,pwal,0.0000
퐑,pwalk,0.0000
퐒,pwalm,0.0000
퐓,pwalb,0.0000
퐔,pwals,0.0000
퐕,pwalt,0.0000
퐖,pwalp,0.0000
퐗,pwalh,0.0000
퐘,pwam,0.0000
퐙,pwap,0.0000
퐚,pwaps,0.0000
퐛,pwat,0.0000
퐜,pwat,0.0000
퐝,pwang,0.0000
퐞,pwat,0.0000
퐟,pwat,0.0000
퐠,pwak,0.0000
퐡,pwat,0.0000
퐢,pwap,0.0000
퐣,pwat,0.0000
퐤,pwae,0.0000
퐥,pwaek,0.0000
퐦,pwaek,0.0000
퐧,pwaeks,0.0000
퐨,pwaen,0.0000
퐩,pwaenj,0.0000
퐪,pwaenh,0.0000
퐫,pwaet,0.0000
퐬,pwael,0.0000
퐭,pwaelk,0.0000
퐮,pwaelm,0.0000
퐯,pwaelb,0.0000
퐰,pwaels,0.0000
퐱,pwaelt,0.0000
퐲,pwaelp,0.0000
퐳,pwaelh,0.0000
퐴,pwaem,0.0000
퐵,pwaep,0.0000
퐶,pwaeps,0.0000
퐷,pwaet,0.0000
퐸,pwaet,0.0000
퐹,pwaeng,0.0000
퐺,pwaet,0.0000
퐻,pwaet,0.0000
퐼,pwaek,0.0000
퐽,pwaet,0.0000
퐾,pwaep,0.0000
퐿,pwaet,0.0000
푀,poe,0.0000
푁,poek,0.0000
푂,poek,0.0000
푃,poeks,0.0000
푄,poen,0.0000
푅,poenj,0.0000
푆,poenh,0.0000
푇,poet,0.0000
푈,poel,0.0000
푉,poelk,0.0000
푊,poelm,0.0000
푋,poelb,0.0000
푌,poels,0.0000
푍,poelt,0.0000
푎,poelp,0.0000
푏,poelh,0.0000
푐,poem,0.0000
푑,poep,0.0000
푒,poeps,0.0000
푓,poet,0.0000
푔,poet,0.0000
푕,poeng,0.0000
푖,poet,0.0000
푗,poet,0.0000
푘,poek,0.0000
푙,poet,0.0000
푚,poep,0.0000
푛,poet,0.0000
표,pyo,0.0000
푝,pyok,0.0000
푞,pyok,0.0000
푟,pyoks,0.0000
푠,pyon,0.0000
푡,pyonj,0.0000
푢,pyonh,0.0000
푣,pyot,0.0000
푤,pyol,0.0000
푥,pyolk,0.0000
푦,pyolm,0.0000
푧,pyolb,0.0000
푨,pyols,0.0000
푩,pyolt,0.0000
푪,pyolp,0.0000
푫,pyolh,0.0000
푬,pyom,0.0000
푭,pyop,0.0000
푮,pyops,0.0000
푯,pyot,0.0000
푰,pyot,0.0000
푱,pyong,0.0000
푲,pyot,0.0000
푳,pyot,0.0000
푴,pyok,0.0000
푵,pyot,0.0000
푶,pyop,0.0000
푷,pyot,0.0000
푸,pu,0.0000
푹,puk,0.0000
푺,puk,0.0000
푻,puks,0.0000
푼,pun,0.0000
푽,punj,0.0000
푾,punh,0.0000
푿,put,0.0000
풀,pul,0.0000
풁,pulk,0.0000
풂,pulm,0.0000
풃,pulb,0.0000
풄,puls,0.0000
풅,pult,0.0000
풆,pulp,0.0000
풇,pulh,0.0000
품,pum,0.0000
풉,pup,0.0000
풊,pups,0.0000
풋,put,0.0000
풌,put,0.0000
풍,pung,0.0000
풎,put,0.0000
풏,put,0.0000
풐,puk,0.0000
풑,put,0.0000
풒,pup,0.0000
풓,put,0.0000
풔,pwo,0.0000
풕,pwok,0.0000
풖,pwok,0.0000
풗,pwoks,0.0000
풘,pwon,0.0000
풙,pwonj,0.0000
풚,pwonh,0.0000
풛,pwot,0.0000
풜,pwol,0.0000
풝,pwolk,0.0000
풞,pwolm,0.0000
풟,pwolb,0.0000
풠,pwols,0.0000
풡,pwolt,0.0000
풢,pwolp,0.0000
풣,pwolh,0.0000
풤,pwom,0.0000
풥,pwop,0.0000
풦,pwops,0.0000
풧,pwot,0.0000
풨,pwot,0.0000
풩,pwong,0.0000
풪,pwot,0.0000
풫,pwot,0.0000
풬,pwok,0.0000
풭,pwot,0.0000
풮,pwop,0.0000
풯,pwot,0.0000
풰,pwe,0.0000
풱,pwek,0.0000
풲,pwek,0.0000
풳,pweks,0.0000
풴,pwen,0.0000
풵,pwenj,0.0000
풶,pwenh,0.0000
풷,pwet,0.0000
풸,pwel,0.0000
풹,pwelk,0.0000
풺,pwelm,0.0000
풻,pwelb,0.0000
풼,pwels,0.0000
풽,pwelt,0.0000
풾,pwelp,0.0000
풿,pwelh,0.0000
퓀,pwem,0.0000
퓁,pwep,0.0000
퓂,pweps,0.0000
퓃,pwet,0.0000
퓄,pwet,0.0000
퓅,pweng,0.0000
퓆,pwet,0.0000
퓇,pwet,0.0000
퓈,pwek,0.0000
퓉,pwet,0.0000
퓊,pwep,0.0000
퓋,pwet,0.0000
퓌,pwi,0.0000
퓍,pwik,0.0000
퓎,pwik,0.0000
퓏,pwiks,0.0000
퓐,pwin,0.0000
퓑,pwinj,0.0000
퓒,pwinh,0.0000
퓓,pwit,0.0000
퓔,pwil,0.0000
퓕,pwilk,0.0000
퓖,pwilm,0.0000
퓗,pwilb,0.0000
퓘,pwils,0.0000
퓙,pwilt,0.0000
퓚,pwilp,0.0000
퓛,pwilh,0.0000
퓜,pwim,0.0000
퓝,pwip,0.0000
퓞,pwips,0.0000
퓟,pwit,0.0000
퓠,pwit,0.0000
퓡,pwing,0.0000
퓢,pwit,0.0000
퓣,pwit,0.0000
퓤,pwik,0.0000
퓥,pwit,0.0000
퓦,pwip,0.0000
퓧,pwit,0.0000
퓨,pyu,0.0000
퓩,pyuk,0.0000
퓪,pyuk,0.0000
퓫,pyuks,0.0000
퓬,pyun,0.0000
퓭,pyunj,0.0000
퓮,pyunh,0.0000
퓯,pyut,0.0000
퓰,pyul,0.0000
퓱,pyulk,0.0000
퓲,pyulm,0.0000
퓳,pyulb,0.0000
퓴,pyuls,0.0000
퓵,pyult,0.0000
퓶,pyulp,0.0000
퓷,pyulh,0.0000
퓸,pyum,0.0000
퓹,pyup,0.0000
퓺,pyups,0.0000
퓻,pyut,0.0000
퓼,pyut,0.0000
퓽,pyung,0.0000
퓾,pyut,0.0000
퓿,pyut,0.0000
픀,pyuk,0.0000
픁,pyut,0.0000
픂,pyup,0.0000
픃,pyut,0.0000
프,peu,0.0000
픅,peuk,0.0000
픆,peuk,0.0000
픇,peuks,0.0000
픈,peun,0.0000
픉,peunj,0.0000
픊,peunh,0.0000
픋,peut,0.0000
플,peul,0.0000
픍,peulk,0.0000
픎,peulm,0.0000
픏,peulb,0.0000
픐,peuls,0.0000
픑,peult,0.0000
픒,peulp,0.0000
픓,peulh,0.0000
픔,peum,0.0000
픕,peup,0.0000
픖,peups,0.0000
픗,peut,0.0000
픘,peut,0.0000
픙,peung,0.0000
픚,peut,0.0000
픛,peut,0.0000
픜,peuk,0.0000
픝,peut,0.0000
픞,peup,0.0000
픟,peut,0.0000
픠,pui,0.0000
픡,puik,0.0000
픢,puik,0.0000
픣,puiks,0.0000
픤,puin,0.0000
픥,puinj,0.0000
픦,puinh,0.0000
픧,puit,0.0000
픨,puil,0.0000
픩,puilk,0.0000
픪,puilm,0.0000
픫,puilb,0.0000
픬,puils,0.0000
픭,puilt,0.0000
픮,puilp,0.0000
픯,puilh,0.0000
픰,puim,0.0000
픱,puip,0.0000
픲,puips,0.0000
픳,puit,0.0000
픴,puit,0.0000
픵,puing,0.0000
픶,puit,0.0000
픷,puit,0.0000
픸,puik,0.0000
픹,puit,0.0000
픺,puip,0.0000
픻,puit,0.0000
피,pi,0.0000
픽,pik,0.0000
픾,pik,0.0000
픿,piks,0.0000
핀,pin,0.0000
핁,pinj,0.0000
핂,pinh,0.0000
핃,pit,0.0000
필,pil,0.0000
핅,pilk,0.0000
핆,pilm,0.0000
핇,pilb,0.0000
핈,pils,0.0000
핉,pilt,0.0000
핊,pilp,0.0000
핋,pilh,0.0000
핌,pim,0.0000
핍,pip,0.0000
핎,pips,0.0000
핏,pit,0.0000
핐,pit,0.0000
핑,ping,0.0000
핒,pit,0.0000
핓,pit,0.0000
핔,pik,0.0000
핕,pit,0.0000
핖,pip,0.0000
핗,pit,0.0000
하,ha,0.0000
학,hak,0.0000
핚,hak,0.0000
핛,haks,0.0000
한,han,0.0000
핝,hanj,0.0000
핞,hanh,0.0000
핟,hat,0.0000
할,hal,0.0000
핡,halk,0.0000
핢,halm,0.0000
핣,halb,0.0000
핤,hals,0.0000
핥,halt,0.0000
핦,halp,0.0000
핧,halh,0.0000
함,ham,0.0000
합,hap,0.0000
핪,haps,0.0000
핫,hat,0.0000
핬,hat,0.0000
항,hang,0.0000
핮,hat,0.0000
핯,hat,0.0000
핱,hat,0.0000
핲,hap,0.0000
핳,hat,0.0000
해,hae,0.0000
핵,haek,0.0000
핶,haek,0.0000
핷,haeks,0.0000
핸,haen,0.0000
핹,haenj,0.0000
핺,haenh,0.0000
핻,haet,0.0000
핼,hael,0.0000
핽,haelk,0.0000
핾,haelm,0.0000
핿,haelb,0.0000
햀,haels,0.0000
햁,haelt,0.0000
햂,haelp,0.0000
햃,haelh,0.0000
햄,haem,0.0000
햅,haep,0.0000
햆,haeps,0.0000
햇,haet,0.0000
했,haet,0.0000
행,haeng,0.0000
햊,haet,0.0000
햋,haet,0.0000
햌,haek,0.0000
햍,haet,0.0000
햎,haep,0.0000
햏,haet,0.0000
햐,hya,0.0000
햑,hyak,0.0000
햒,hyak,0.0000
햓,hyaks,0.0000
햔,hyan,0.0000
햕,hyanj,0.0000
햖,hyanh,0.0000
햗,hyat,0.0000
햘,hyal,0.0000
햙,hyalk,0.0000
햚,hyalm,0.0000
햛,hyalb,0.0000
햜,hyals,0.0000
햝,hyalt,0.0000
햞,hyalp,0.0000
햟,hyalh,0.0000
햠,hyam,0.0000
햡,hyap,0.0000
햢,hyaps,0.0000
햣,hyat,0.0000
햤,hyat,0.0000
향,hyang,0.0000
햦,hyat,0.0000
햧,hyat,0.0000
햨,hyak,0.0000
햩,hyat,0.0000
햪,hyap,0.0000
햫,hyat,0.0000
햬,hyae,0.0000
햭,hyaek,0.0000
햮,hyaek,0.0000
햯,hyaeks,0.0000
햰,hyaen,0.0000
햱,hyaenj,0.0000
햲,hyaenh,0.0000
햳,hyaet,0.0000
햴,hyael,0.0000
햵,hyaelk,0.0000
햶,hyaelm,0.0000
햷,hyaelb,0.0000
햸,hyaels,0.0000
햹,hyaelt,0.0000
햺,hyaelp,0.0000
햻,hyaelh,0.0000
햼,hyaem,0.0000
햽,hyaep,0.0000
햾,hyaeps,0.0000
햿,hyaet,0.0000
헀,hyaet,0.0000
헁,hyaeng,0.0000
헂,hyaet,0.0000
헃,hyaet,0.0000
헄,hyaek,0.0000
헅,hyaet,0.0000
헆,hyaep,0.0000
헇,hyaet,0.0000
허,heo,-0.5000
헉,heok,0.0000
헊,heok,0.0000
헋,heoks,0.0000
헌,heon,0.0000
헍,heonj,0.0000
헎,heonh,0.0000
헏,heot,0.0000
헐,heol,0.0000
헑,heolk,0.0000
헒,heolm,0.0000
헓,heolb,0.0000
헔,heols,0.0000
헕,heolt,0.0000
헖,heolp,0.0000
헗,heolh,0.0000
험,heom,0.0000
헙,heop,0.0000
헚,heops,0.0000
헛,heot,0.0000
헜,heot,0.0000
헝,heong,0.0000
헞,heot,0.0000
헟,heot,0.0000
헠,heok,0.0000
헡,heot,0.0000
헢,heop,0.0000
헣,heot,0.0000
헤,he,0.0000
헥,hek,0.0000
헦,hek,0.0000
헧,heks,0.0000
헨,hen,0.0000
헩,henj,0.0000
헪,henh,0.0000
헫,het,0.0000
헬,hel,0.0000
헭,helk,0.0000
헮,helm,0.0000
헯,helb,0.0000
헰,hels,0.0000
헱,helt,0.0000
헲,help,0.0000
헳,helh,0.0000
헴,hem,0.0000
헵,hep,0.0000
헶,heps,0.0000
헷,het,0.0000
헸,het,0.0000
헹,heng,0.0000
헺,het,0.0000
헻,het,0.0000
헼,hek,0.0000
헽,het,0.0000
헾,hep,0.0000
헿,het,0.0000
혀,hyeo,0.0000
혁,hyeok,0.0000
혂,hyeok,0.0000
혃,hyeoks,0.0000
현,hyeon,-0.9000
혅,hyeonj,0.0000
혆,hyeonh,0.0000
혇,hyeot,0.0000
혈,hyeol,0.0000
혉,hyeolk,0.0000
혊,hyeolm,0.0000
혋,hyeolb,0.0000
혌,hyeols,0.0000
혍,hyeolt,0.0000
혎,hyeolp,0.0000
혏,hyeolh,0.0000
혐,hyeom,0.0000
협,hyeop,0.0000
혒,hyeops,0.0000
혓,hyeot,0.0000
혔,hyeot,0.0000
형,hyeong,0.0000
혖,hyeot,0.0000
혗,hyeot,0.0000
혘,hyeok,0.0000
혙,hyeot,0.0000
혚,hyeop,0.0000
혛,hyeot,0.0000
혜,hye,0.0000
혝,hyek,0.0000
혞,hyek,0.0000
혟,hyeks,0.0000
혠,hyen,0.0000
혡,hyenj,0.0000
혢,hyenh,0.0000
혣,hyet,0.0000
혤,hyel,0.0000
혥,hyelk,0.0000
혦,hyelm,0.0000
혧,hyelb,0.0000
혨,hyels,0.0000
혩,hyelt,0.0000
혪,hyelp,0.0000
혫,hyelh,0.0000
혬,hyem,0.0000
혭,hyep,0.0000
혮,hyeps,0.0000
혯,hyet,0.0000
혰,hyet,0.0000
혱,hyeng,0.0000
혲,hyet,0.0000
혳,hyet,0.0000
혴,hyek,0.0000
혵,hyet,0.0000
혶,hyep,0.0000
혷,hyet,0.0000
호,ho,-0.2880
혹,hok,0.0000
혺,hok,0.0000
혻,hoks,0.0000
혼,hon,-0.5000
혽,honj,0.0000
혾,honh,0.0000
혿,hot,0.0000
홀,hol,0.0000
홁,holk,0.0000
홂,holm,0.0000
홃,holb,0.0000
홄,hols,0.0000
홅,holt,0.0000
홆,holp,0.0000
홇,holh,0.0000
홈,hom,0.0000
홉,hop,0.0000
홊,hops,0.0000
홋,hot,0.0000
홌,hot,0.0000
홍,hong,0.0000
홎,hot,0.0000
홏,hot,0.0000
홐,hok,0.0000
홑,hot,0.0000
홒,hop,0.0000
홓,hot,0.0000
화,hwa,0.0000
확,hwak,0.0000
홖,hwak,0.0000
홗,hwaks,0.0000
환,hwan,0.0000
홙,hwanj,0.0000
홚,hwanh,0.0000
홛,hwat,0.0000
활,hwal,0.0000
홝,hwalk,0.0000
홞,hwalm,0.0000
홟,hwalb,0.0000
홠,hwals,0.0000
홡,hwalt,0.0000
홢,hwalp,0.0000
홣,hwalh,0.0000
홤,hwam,0.0000
홥,hwap,0.0000
홦,hwaps,0.0000
홧,hwat,0.0000
홨,hwat,0.0000
황,hwang,0.0000
홪,hwat,0.0000
홫,hwat,0.0000
홬,hwak,0.0000
홭,hwat,0.0000
홮,hwap,0.0000
홯,hwat,0.0000
홰,hwae,0.0000
홱,hwaek,0.0000
홲,hwaek,0.0000
홳,hwaeks,0.0000
홴,hwaen,0.0000
홵,hwaenj,0.0000
홶,hwaenh,0.0000
홷,hwaet,0.0000
홸,hwael,0.0000
홹,hwaelk,0.0000
홺,hwaelm,0.0000
홻,hwaelb,0.0000
홼,hwaels,0.0000
홽,hwaelt,0.0000
홾,hwaelp,0.0000
홿,hwaelh,0.0000
횀,hwaem,0.0000
횁,hwaep,0.0000
횂,hwaeps,0.0000
횃,hwaet,0.0000
횄,hwaet,0.0000
횅,hwaeng,0.0000
횆,hwaet,0.0000
횇,hwaet,0.0000
횈,hwaek,0.0000
횉,hwaet,0.0000
횊,hwaep,0.0000
횋,hwaet,0.0000
회,hoe,0.0000
획,hoek,0.0000
횎,hoek,0.0000
횏,hoeks,0.0000
횐,hoen,0.0000
횑,hoenj,0.0000
횒,hoenh,0.0000
횓,hoet,0.0000
횔,hoel,0.0000
횕,hoelk,0.0000
횖,hoelm,0.0000
횗,hoelb,0.0000
횘,hoels,0.0000
횙,hoelt,0.0000
횚,hoelp,0.0000
횛,hoelh,0.0000
횜,hoem,0.0000
횝,hoep,0.0000
횞,hoeps,0.0000
횟,hoet,0.0000
횠,hoet,0.0000
횡,hoeng,0.0000
횢,hoet,0.0000
횣,hoet,0.0000
횤,hoek,0.0000
횥,hoet,0.0000
횦,hoep,0.0000
횧,hoet,0.0000
효,hyo,0.0000
횩,hyok,0.0000
횪,hyok,0.0000
횫,hyoks,0.0000
횬,hyon,0.0000
횭,hyonj,0.0000
횮,hyonh,0.0000
횯,hyot,0.0000
횰,hyol,0.0000
횱,hyolk,0.0000
횲,hyolm,0.0000
횳,hyolb,0.0000
횴,hyols,0.0000
횵,hyolt,0.0000
횶,hyolp,0.0000
횷,hyolh,0.0000
횸,hyom,0.0000
횹,hyop,0.0000
횺,hyops,0.0000
횻,hyot,0.0000
횼,hyot,0.0000
횽,hyong,0.0000
횾,hyot,0.0000
횿,hyot,0.0000
훀,hyok,0.0000
훁,hyot,0.0000
훂,hyop,0.0000
훃,hyot,0.0000
후,hu,0.0000
훅,huk,0.0000
훆,huk,0.0000
훇,huks,0.0000
훈,hun,0.0000
훉,hunj,0.0000
훊,hunh,0.0000
훋,hut,0.0000
훌,hul,0.0000
훍,hulk,0.0000
훎,hulm,0.0000
훏,hulb,0.0000
훐,huls,0.0000
훑,hult,0.0000
훒,hulp,0.0000
훓,hulh,0.0000
훔,hum,0.0000
훕,hup,0.0000
훖,hups,0.0000
훗,hut,0.0000
훘,hut,0.0000
훙,hung,0.0000
훚,hut,0.0000
훛,hut,0.0000
훜,huk,0.0000
훝,hut,0.0000
훞,hup,0.0000
훟,hut,0.0000
훠,hwo,0.0000
훡,hwok,0.0000
훢,hwok,0.0000
훣,hwoks,0.0000
훤,hwon,0.0000
훥,hwonj,0.0000
훦,hwonh,0.0000
훧,hwot,0.0000
훨,hwol,0.0000
훩,hwolk,0.0000
훪,hwolm,0.0000
훫,hwolb,0.0000
훬,hwols,0.0000
훭,hwolt,0.0000
훮,hwolp,0.0000
훯,hwolh,0.0000
훰,hwom,0.0000
훱,hwop,0.0000
훲,hwops,0.0000
훳,hwot,0.0000
훴,hwot,0.0000
훵,hwong,0.0000
훶,hwot,0.0000
훷,hwot,0.0000
훸,hwok,0.0000
훹,hwot,0.0000
훺,hwop,0.0000
훻,hwot,0.0000
훼,hwe,0.0000
훽,hwek,0.0000
훾,hwek,0.0000
훿,hweks,0.0000
휀,hwen,0.0000
휁,hwenj,0.0000
휂,hwenh,0.0000
휃,hwet,0.0000
휄,hwel,0.0000
휅,hwelk,0.0000
휆,hwelm,0.0000
휇,hwelb,0.0000
휈,hwels,0.0000
휉,hwelt,0.0000
휊,hwelp,0.0000
휋,hwelh,0.0000
휌,hwem,0.0000
휍,hwep,0.0000
휎,hweps,0.0000
휏,hwet,0.0000
휐,hwet,0.0000
휑,hweng,0.0000
휒,hwet,0.0000
휓,hwet,0.0000
휔,hwek,0.0000
휕,hwet,0.0000
휖,hwep,0.0000
휗,hwet,0.0000
휘,hwi,0.0000
휙,hwik,0.0000
휚,hwik,0.0000
휛,hwiks,0.0000
휜,hwin,0.0000
휝,hwinj,0.0000
휞,hwinh,0.0000
휟,hwit,0.0000
휠,hwil,0.0000
휡,hwilk,0.0000
휢,hwilm,0.0000
휣,hwilb,0.0000
휤,hwils,0.0000
휥,hwilt,0.0000
휦,hwilp,0.0000
휧,hwilh,0.0000
휨,hwim,0.0000
휩,hwip,0.0000
휪,hwips,0.0000
휫,hwit,0.0000
휬,hwit,0.0000
휭,hwing,0.0000
휮,hwit,0.0000
휯,hwit,0.0000
휰,hwik,0.0000
휱,hwit,0.0000
휲,hwip,0.0000
휳,hwit,0.0000
휴,hyu,0.0000
휷,hyuks,0.0000
휹,hyunj,0.0000
휺,hyunh,0.0000
휻,hyut,0.0000
휼,hyul,0.0000
휽,hyulk,0.0000
휾,hyulm,0.0000
휿,hyulb,0.0000
흀,hyuls,0.0000
흁,hyult,0.0000
흂,hyulp,0.0000
흃,hyulh,0.0000
흄,hyum,0.0000
흅,hyup,0.0000
흆,hyups,0.0000
흇,hyut,0.0000
흈,hyut,0.0000
흊,hyut,0.0000
흋,hyut,0.0000
흍,hyut,0.0000
흎,hyup,0.0000
흏,hyut,0.0000
흐,heu,0.0000
흑,heuk,0.0000
흒,heuk,0.0000
흓,heuks,0.0000
흔,heun,0.0000
흕,heunj,0.0000
흖,heunh,0.0000
흗,heut,0.0000
흘,heul,0.0000
흙,heulk,0.0000
흚,heulm,0.0000
흛,heulb,0.0000
흜,heuls,0.0000
흝,heult,0.0000
흞,heulp,0.0000
흟,heulh,0.0000
흠,heum,0.0000
흡,heup,0.0000
흢,heups,0.0000
흣,heut,0.0000
흤,heut,0.0000
흥,heung,0.0000
흦,heut,0.0000
흧,heut,0.0000
흨,heuk,0.0000
흩,heut,0.0000
흪,heup,0.0000
흫,heut,0.0000
희,hui,0.0000
흭,huik,0.0000
흮,huik,0.0000
흯,huiks,0.0000
흰,huin,0.0000
흱,huinj,0.0000
흲,huinh,0.0000
흳,huit,0.0000
흴,huil,0.0000
흵,huilk,0.0000
흶,huilm,0.0000
흷,huilb,0.0000
흸,huils,0.0000
흹,huilt,0.0000
흺,huilp,0.0000
흻,huilh,0.0000
흼,huim,0.0000
흽,huip,0.0000
흾,huips,0.0000
흿,huit,0.0000
힀,huit,0.0000
힁,huing,0.0000
힂,huit,0.0000
힃,huit,0.0000
힄,huik,0.0000
힅,huit,0.0000
힆,huip,0.0000
힇,huit,0.0000
히,hi,0.0000
힉,hik,0.0000
힊,hik,0.0000
힋,hiks,0.0000
힌,hin,0.0000
힍,hinj,0.0000
힎,hinh,0.0000
힏,hit,0.0000
힐,hil,0.0000
힑,hilk,0.0000
힒,hilm,0.0000
힓,hilb,0.0000
힔,hils,0.0000
힕,hilt,0.0000
힖,hilp,0.0000
힗,hilh,0.0000
힘,him,0.0000
힙,hip,0.0000
힚,hips,0.0000
힛,hit,0.0000
힜,hit,0.0000
힝,hing,0.0000
힞,hit,0.0000
힟,hit,0.0000
힠,hik,0.0000
힡,hit,0.0000
힢,hip,0.0000
힣,hit,0.0000
안,ahn,0.0000
김,kim,-1.6090
영,young,-0.8000
이,lee,-1.1000
박,park,-1.0990
최,choi,0.0000
류,ryoo,0.0000
수,soo,-0.7000
훈,hoon,0.0000
현,hyun,-0.8000
준,joon,-0.7000
형,hyung,0.0000
서,suh,0.0000
라이,lai,0.0000
카이,kai,0.0000
우,woo,0.0000
우,oo,0.0000
정,jung,-0.9160
재호,jaeho,-0.8000
성,sung,0.0000
범,bum,0.0000
오,oh,-1.0000
신,shin,0.0000
이,ee,0.6000
이,ii,1.0000
관,kwan,0.0000
원,weon,0.0000
연,yon,0.0000
진,chin,0.0000
희,hee,0.0000
경,kyung,0.0000
경,kyeong,0.0000
석,sok,0.0000
율,yool,0.0000
조,cho,0.0000
윤,yoon,0.0000
철,chul,-1.0000
규,kyu,0.0000
전,chun,0.0000
섭,sup,0.0000
숙,sook,0.0000
욱,wook,0.0000
순,soon,0.0000
연,youn,0.0000
유,yoo,-0.6000
혁,hyuk,0.0000
강,kang,0.0000
권,kwon,0.0000
주,joo,0.0000
문,moon,0.0000
백,paik,0.0000
곽,kwak,0.0000
이,rhee,-0.8000
변,byun,0.0000
백,baik,0.0000
노,noh,0.0000
엄,um,0.0000
엄,uhm,0.0000
고,ko,0.0000
정,chung,-0.6000
유,you,-0.8000
허,huh,0.0000
심,shim,0.0000
구,koo,-0.3000
방,pang,0.0000
윤,youn,0.0000
백,paek,0.0000
박,pak,-1.2000
노,roh,0.0000
공,kong,0.0000
구,ku,0.0000
권,kweon,0.0000
준,june,-0.8000
변,byon,0.0000
아,ah,0.0000
데이비드,david,-0.8000
사라,sarah,0.0000
그레이스,grace,0.0000
유진,eugene,0.0000
요셉,joseph,0.0000
미셸,michelle,0.0000
제임스,james,-0.7000
제시카,jessica,0.0000
피터,peter,0.0000
위,wei,0.0000
국,kook,0.0000
무,moo,0.0000
의,eui,0.0000
교,kyo,0.0000
선,sun,0.0000
리,ri,-0.8000
기,ki,0.0000
장,chang,0.0000
명,myung,0.0000
창,chaang,0.0000
춘,cheon,0.0000
정,jong,0.0000
함,hahm,0.0000
로,law,0.0000
노,rho,0.0000
고,koh,0.0000
어,eoh,0.0000
정,cheong,-0.5110
린다,linda,0.0000
데이빗,david,0.0000
마이클,michael,-0.7000
브,br,0.1000
프,fr,0.1000
그,gr,0.1000
제이,j.,-0.5000
고,goh,0.0000
손,sohn,0.0000
수지,suzy,0.0000
순신,sunsin,0.0000
준이,june,-1.0000
승,sueng,-0.3000
범석,beomseok,0.0000
윤아,yoonah,0.0000
연아,yuna,0.2000
희찬,heuichan,0.0000
덕수,duksoo,0.0000
여정,yojong,-0.6000
중근,junggeun,0.0000
건희,kunhee,0.0000
주영,juyung,0.0000
동연,dongyeon,0.0000
건,gun,-0.9000
묵,mook,-0.5000
구,goo,-0.8000
종철,jongchol,-0.5000
백진,baekjin,0.0000
홍목,hongmok,0.0000
광현,kwanghyun,-0.5000
재춘,jaechun,0.0000
유,eu,-0.5000
숙,sukja,-0.3000
준한,junhan,0.0000
준이,juni,0.0000
육,yook,-1.2000
미,mee,-0.8000
정한,junghan,-0.5000
준한,junghan,-0.8000
재천,jaecheon,-0.5000
음,um,-0.9000
도,to,-0.4000
염,yom,-0.4000
준석,junseok,-0.5000
미숙,meesook,-0.5000
미현,meehyun,-0.5000
준,jung,-0.9000
임,rim,-1.0000
류,ryeo,-0.8000
종모,jongmo,-0.5000
현지,hyunji,-0.5000
상묵,sangmook,-0.5000
동건,donggun,-0.5000
*,j,0.0000
박사,dr,0.0000
교수,prof,0.0000
박사,phd,-0.8000
광,kwang,-0.7000
철,chol,-0.6000
춘,jaechun,-0.5000
춘,chun,-0.7000
중,jung,-0.5000
박사,dr.,-0.3000
교수,prof.,-0.3000
래,lai,-1.5000
제이,j,-2.5000
민정,minjeong,-0.8000
성준,seongjoon,-1.5000
영철,youngchul,-1.0000
계,kai,-1.5000
존,joon,-0.4000
광민,kwangmin,-0.4000
준혁,junhyuk,-0.4000
민수,minsoo,-0.4000
혜진,hyejin,-0.4000
철민,cheolmin,-0.4000
영호,youngho,-0.4000
재현,jaehyun,-0.4000
이,ri,-1.0000
계래,kailai,-1.0000
춘향,chunhyang,-0.6000
미중,mijung,-0.6000
이,yi,-0.7000
유,ryu,-0.3000
동원,dongwon,-0.7000
형주,hyeongju,-0.7000
수진,soojin,-1.0000
연주,yeonju,-1.0000
제,j,-1.5000
형찬,hyeongchan,-0.8000
박진,baekjin,-0.8000
현정,hyeonjeong,-0.8000
수영,sooyoung,-0.8000
준이,junri,-0.8000
현주,hyeonju,-0.8000
정민,jungmin,-0.8000
형태,hyungtae,-0.8000
박사,md,-0.8000
박사,phd.,-0.5000
박사,m.d.,-0.5000
주니어,jr,-0.8000
주니어,jr.,-0.5000
시니어,sr,-0.8000
시니어,sr.,-0.5000
삼세,iii,-0.8000
에이비,a.b,-0.3000
에이비씨,a.b.c,-0.3000
엑스와이,x.y,-0.3000
엑스와이지,x.y.z,-0.3000
제이,j.j,-0.3000
에이,a.a,-0.3000
비,b.b,-0.3000
블록,block,-0.8000
이니셜,initial,-0.8000
이니셜,initials,-0.4000
레어,rare,-0.8000
언노운,unknown,-0.2000
테스트,test,-0.8000
케이스,case,-0.8000
에이비씨,a.b.c.,-0.3000
엑스와이지,x.y.z.,-0.3000
박사,ph.d.,-0.5000
스미스,smith,-0.8000
존슨,johnson,-0.8000
윌리엄스,williams,-0.8000
브라운,brown,-0.8000
존스,jones,-0.8000
밀러,miller,-0.8000
데이비스,davis,-0.8000
가르시아,garcia,-0.8000
로드리게스,rodriguez,-0.8000
윌슨,wilson,-0.8000
마르티네스,martinez,-0.8000
앤더슨,anderson,-0.8000
테일러,taylor,-0.8000
토마스,thomas,-0.8000
헤르난데스,hernandez,-0.8000
무어,moore,-0.8000
마틴,martin,-0.8000
잭슨,jackson,-0.8000
톰슨,thompson,-0.8000
화이트,white,-0.8000
로버트,robert,-0.7000
존,john,-0.7000
윌리엄,william,-0.7000
리차드,richard,-0.7000
찰스,charles,-0.7000
조셉,joseph,-0.7000
크리스토퍼,christopher,-0.7000
레어이니셜블록,rareinitialsblock,-1.0000
에이비씨,abc,-0.8000
엑스와이지,xyz,-0.8000
마이클존슨,michaeljohnson,-0.8000
데이비드스미스,davidsmith,-0.8000
제임스윌슨,jameswilson,-0.8000
정,jung,0.0000,SN,S
정,jeong,-1.5000,SN,S
정,jeong,-2.0000,GN,G
준,jun,-0.2000,GN,G
준,jun,2.0000,SN,S
석,seok,-1.3000,SN,S
석,suk,0.9000,GN,G
숙,suk,-2.5000,GN,G
숙,suk,1.8000,SN,S
박,park,-2.0000,SN,S
박,park,0.3000,GN,G
박,pak,-2.0000,SN,S
윤,yun,-1.5000,SN,S
윤,yun,0.1000,GN,G
윤,yoon,0.5000,GN,G
윤,yoon,-1.5000,SN,S
류,ryu,-1.2000,SN,S
류,ryu,0.2000,GN,G
류,yu,0.8000,GN,G
류,yu,2.0000,SN,S
백,baek,-1.4000,SN,S
백,baek,0.3000,GN,G
백,baik,0.9000,GN,G
백,paek,0.9000,GN,G
백,baik,-2.0000,SN,S
최,choi,-1.6000,SN,S
최,choi,0.3000,GN,G
최,choe,0.7000,GN,G
최,choe,1.6000,SN,S
정,chung,0.0000,GN,G
정,chung,2.0000,SN,S
조,jo,-1.4000,SN,S
조,jo,0.2000,GN,G
조,cho,0.7000,GN,G
조,cho,1.6000,SN,S
장,jang,-1.4000,SN,S
장,jang,0.3000,GN,G
장,chang,0.8000,GN,G
장,chang,1.8000,SN,S
양,yang,-1.3000,SN,S
양,yang,0.2000,GN,G
설,seol,-1.2000,SN,S
설,seol,0.1000,GN,G
권,kwon,-1.5000,SN,S
권,kwon,0.2000,GN,G
권,gwon,0.9000,GN,G
권,gwon,2.0000,SN,S
김,kim,-2.3000,SN,S
김,gim,1.8000,SN,S
심,shim,-1.1000,SN,S
심,sim,0.2000,GN,G
심,sim,1.4000,SN,S
서,seo,-1.2000,SN,S
서,seo,0.2000,GN,G
서,suh,0.7000,GN,G
서,suh,1.6000,SN,S
송,song,-1.1000,SN,S
송,song,0.3000,GN,G
송,seong,0.8000,GN,G
송,seong,1.7000,SN,S
공,gong,-1.0000,SN,S
공,gong,0.2000,GN,G
공,kong,0.8000,GN,G
공,kong,1.8000,SN,S
문,moon,-1.2000,SN,S
문,moon,0.3000,GN,G
문,mun,0.8000,GN,G
문,mun,1.7000,SN,S
노,no,-1.0000,SN,S
노,no,0.3000,GN,G
노,roh,0.9000,GN,G
노,roh,1.8000,SN,S
하,ha,-1.0000,SN,S
하,ha,0.2000,GN,G
오,oh,-1.4000,SN,S
오,oh,0.3000,GN,G
오,o,0.9000,GN,G
오,o,1.8000,SN,S
전,chun,-3.0000,SN,S
춘,chun,2.0000,GN,G
엄,um,-3.0000,SN,S
음,um,2.0000,GN,G
석,suk,-3.0000,SN,S
욱,uk,-3.0000,GN,G
자,ja,-2.5000,GN,G
리,ri,-3.0000,GN,G
이,ri,2.5000,GN,G
천,chun,-2.5000,SN,S
여,ryeo,-3.0000,SN,S
염,yom,-3.0000,SN,S
염,yum,-3.0000,SN,S
국,guk,-3.0000,GN,G
림,rim,-2.5000,GN,G
임,rim,2.0000,GN,G
해,hae,-3.5000,GN,G
혜,hae,3.0000,GN,G
미,mee,-2.0000,GN,G
현,hyun,-2.0000,GN,G
